file,class,method,constructor,line,cbo,cboModified,fanin,fanout,wmc,rfc,loc,returnsQty,variablesQty,parametersQty,methodsInvokedQty,methodsInvokedLocalQty,methodsInvokedIndirectLocalQty,loopQty,comparisonsQty,tryCatchQty,parenthesizedExpsQty,stringLiteralsQty,numbersQty,assignmentsQty,mathOperationsQty,maxNestedBlocksQty,anonymousClassesQty,innerClassesQty,lambdasQty,uniqueWordsQty,modifiers,logStatementsQty,hasJavaDoc
C:\Users\steng\Desktop\mutation-analysis\kintis-funcs-updated\static-metrics\ck\target\..\..\..\commons\src\main\java\xorg\apache\commons\lang\ArrayUtils.java,xorg.apache.commons.lang.ArrayUtils,"indexOf/2[double[],double]",false,1848,2,3,2,1,1,1,3,1,0,2,1,1,2,0,0,0,0,0,1,0,0,0,0,0,0,28,9,0,true
C:\Users\steng\Desktop\mutation-analysis\kintis-funcs-updated\static-metrics\ck\target\..\..\..\commons\src\main\java\xorg\apache\commons\lang\ArrayUtils.java,xorg.apache.commons.lang.ArrayUtils,isEmpty/1[boolean[]],false,2935,1,2,2,0,3,0,6,2,0,1,0,0,0,0,2,0,0,0,1,0,0,1,0,0,0,18,9,0,true
C:\Users\steng\Desktop\mutation-analysis\kintis-funcs-updated\static-metrics\ck\target\..\..\..\commons\src\main\java\xorg\apache\commons\lang\ArrayUtils.java,xorg.apache.commons.lang.ArrayUtils,"add/3[boolean[],int,boolean]",false,3540,2,1,0,1,1,2,3,1,0,3,2,1,1,0,0,0,0,0,0,0,0,0,0,0,0,61,9,0,true
C:\Users\steng\Desktop\mutation-analysis\kintis-funcs-updated\static-metrics\ck\target\..\..\..\commons\src\main\java\xorg\apache\commons\lang\ArrayUtils.java,xorg.apache.commons.lang.ArrayUtils,"subarray/3[short[],int,int]",false,558,1,0,0,0,5,1,18,3,2,3,1,0,0,0,1,0,0,0,4,4,1,1,0,0,0,53,9,0,true
C:\Users\steng\Desktop\mutation-analysis\kintis-funcs-updated\static-metrics\ck\target\..\..\..\commons\src\main\java\xorg\apache\commons\lang\ArrayUtils.java,xorg.apache.commons.lang.ArrayUtils,"indexOf/3[char[],char,int]",false,1657,1,1,1,0,5,0,14,3,1,3,0,0,0,1,2,0,0,0,2,2,0,2,0,0,0,54,9,0,true
C:\Users\steng\Desktop\mutation-analysis\kintis-funcs-updated\static-metrics\ck\target\..\..\..\commons\src\main\java\xorg\apache\commons\lang\ArrayUtils.java,xorg.apache.commons.lang.ArrayUtils,"removeElement/2[java.lang.Object[],java.lang.Object]",false,3852,1,3,0,3,2,3,7,2,1,2,3,3,4,0,1,0,0,0,0,1,0,1,0,0,0,67,9,0,true
C:\Users\steng\Desktop\mutation-analysis\kintis-funcs-updated\static-metrics\ck\target\..\..\..\commons\src\main\java\xorg\apache\commons\lang\ArrayUtils.java,xorg.apache.commons.lang.ArrayUtils,"contains/2[short[],short]",false,1621,2,1,0,1,2,1,3,1,0,2,1,1,2,0,1,0,0,0,0,0,0,0,0,0,0,34,9,0,true
C:\Users\steng\Desktop\mutation-analysis\kintis-funcs-updated\static-metrics\ck\target\..\..\..\commons\src\main\java\xorg\apache\commons\lang\ArrayUtils.java,xorg.apache.commons.lang.ArrayUtils,"isSameLength/2[short[],short[]]",false,840,1,0,0,0,10,0,6,2,0,2,0,0,0,0,7,0,3,0,2,0,0,1,0,0,0,28,9,0,true
C:\Users\steng\Desktop\mutation-analysis\kintis-funcs-updated\static-metrics\ck\target\..\..\..\commons\src\main\java\xorg\apache\commons\lang\ArrayUtils.java,xorg.apache.commons.lang.ArrayUtils,"toPrimitive/2[java.lang.Byte[],byte]",false,2576,1,0,0,0,5,1,14,3,3,2,1,0,0,1,3,0,1,0,2,4,0,1,0,0,0,39,9,0,true
C:\Users\steng\Desktop\mutation-analysis\kintis-funcs-updated\static-metrics\ck\target\..\..\..\commons\src\main\java\xorg\apache\commons\lang\ArrayUtils.java,xorg.apache.commons.lang.ArrayUtils,isEmpty/1[java.lang.Object[]],false,2823,0,0,0,0,3,0,6,2,0,1,0,0,0,0,2,0,0,0,1,0,0,1,0,0,0,17,9,0,true
C:\Users\steng\Desktop\mutation-analysis\kintis-funcs-updated\static-metrics\ck\target\..\..\..\commons\src\main\java\xorg\apache\commons\lang\ArrayUtils.java,xorg.apache.commons.lang.ArrayUtils,"add/2[double[],double]",false,3340,2,1,0,1,1,1,5,1,1,2,1,1,1,0,0,0,0,0,1,2,1,0,0,0,0,44,9,0,true
C:\Users\steng\Desktop\mutation-analysis\kintis-funcs-updated\static-metrics\ck\target\..\..\..\commons\src\main\java\xorg\apache\commons\lang\ArrayUtils.java,xorg.apache.commons.lang.ArrayUtils,"lastIndexOf/3[java.lang.Object[],java.lang.Object,int]",false,1278,0,1,1,0,9,1,26,5,2,3,1,0,0,2,3,0,0,0,4,3,1,3,0,0,0,55,9,0,true
C:\Users\steng\Desktop\mutation-analysis\kintis-funcs-updated\static-metrics\ck\target\..\..\..\commons\src\main\java\xorg\apache\commons\lang\ArrayUtils.java,xorg.apache.commons.lang.ArrayUtils,clone/1[double[]],false,373,1,2,2,0,2,1,6,2,0,1,1,0,0,0,1,0,0,0,0,0,0,1,0,0,0,22,9,0,true
C:\Users\steng\Desktop\mutation-analysis\kintis-funcs-updated\static-metrics\ck\target\..\..\..\commons\src\main\java\xorg\apache\commons\lang\ArrayUtils.java,xorg.apache.commons.lang.ArrayUtils,clone/1[boolean[]],false,405,1,2,2,0,2,1,6,2,0,1,1,0,0,0,1,0,0,0,0,0,0,1,0,0,0,22,9,0,true
C:\Users\steng\Desktop\mutation-analysis\kintis-funcs-updated\static-metrics\ck\target\..\..\..\commons\src\main\java\xorg\apache\commons\lang\ArrayUtils.java,xorg.apache.commons.lang.ArrayUtils,clone/1[float[]],false,389,1,2,2,0,2,1,6,2,0,1,1,0,0,0,1,0,0,0,0,0,0,1,0,0,0,22,9,0,true
C:\Users\steng\Desktop\mutation-analysis\kintis-funcs-updated\static-metrics\ck\target\..\..\..\commons\src\main\java\xorg\apache\commons\lang\ArrayUtils.java,xorg.apache.commons.lang.ArrayUtils,"lastIndexOf/3[double[],double,int]",false,1977,2,2,1,1,6,1,17,4,1,3,1,1,1,1,1,0,0,0,3,2,1,2,0,0,0,55,9,0,true
C:\Users\steng\Desktop\mutation-analysis\kintis-funcs-updated\static-metrics\ck\target\..\..\..\commons\src\main\java\xorg\apache\commons\lang\ArrayUtils.java,xorg.apache.commons.lang.ArrayUtils,"add/2[short[],short]",false,3448,2,1,0,1,1,1,5,1,1,2,1,1,1,0,0,0,0,0,1,2,1,0,0,0,0,44,9,0,true
C:\Users\steng\Desktop\mutation-analysis\kintis-funcs-updated\static-metrics\ck\target\..\..\..\commons\src\main\java\xorg\apache\commons\lang\ArrayUtils.java,xorg.apache.commons.lang.ArrayUtils,"add/2[boolean[],boolean]",false,3259,2,1,0,1,1,1,5,1,1,2,1,1,1,0,0,0,0,0,1,2,1,0,0,0,0,46,9,0,true
C:\Users\steng\Desktop\mutation-analysis\kintis-funcs-updated\static-metrics\ck\target\..\..\..\commons\src\main\java\xorg\apache\commons\lang\ArrayUtils.java,xorg.apache.commons.lang.ArrayUtils,"indexOf/2[float[],float]",false,2072,2,3,2,1,1,1,3,1,0,2,1,1,2,0,0,0,0,0,1,0,0,0,0,0,0,28,9,0,true
C:\Users\steng\Desktop\mutation-analysis\kintis-funcs-updated\static-metrics\ck\target\..\..\..\commons\src\main\java\xorg\apache\commons\lang\ArrayUtils.java,xorg.apache.commons.lang.ArrayUtils,"removeElement/2[boolean[],boolean]",false,3917,2,3,0,3,2,3,7,2,1,2,3,3,5,0,1,0,0,0,0,1,0,1,0,0,0,69,9,0,true
C:\Users\steng\Desktop\mutation-analysis\kintis-funcs-updated\static-metrics\ck\target\..\..\..\commons\src\main\java\xorg\apache\commons\lang\ArrayUtils.java,xorg.apache.commons.lang.ArrayUtils,clone/1[short[]],false,325,1,2,2,0,2,1,6,2,0,1,1,0,0,0,1,0,0,0,0,0,0,1,0,0,0,22,9,0,true
C:\Users\steng\Desktop\mutation-analysis\kintis-funcs-updated\static-metrics\ck\target\..\..\..\commons\src\main\java\xorg\apache\commons\lang\ArrayUtils.java,xorg.apache.commons.lang.ArrayUtils,"remove/2[int[],int]",false,4213,2,2,1,1,1,1,3,1,0,2,1,1,2,0,0,0,0,0,0,0,0,0,0,0,0,67,9,0,true
C:\Users\steng\Desktop\mutation-analysis\kintis-funcs-updated\static-metrics\ck\target\..\..\..\commons\src\main\java\xorg\apache\commons\lang\ArrayUtils.java,xorg.apache.commons.lang.ArrayUtils,clone/1[byte[]],false,357,1,2,2,0,2,1,6,2,0,1,1,0,0,0,1,0,0,0,0,0,0,1,0,0,0,22,9,0,true
C:\Users\steng\Desktop\mutation-analysis\kintis-funcs-updated\static-metrics\ck\target\..\..\..\commons\src\main\java\xorg\apache\commons\lang\ArrayUtils.java,xorg.apache.commons.lang.ArrayUtils,"contains/2[java.lang.Object[],java.lang.Object]",false,1312,1,1,0,1,2,1,3,1,0,2,1,1,2,0,1,0,0,0,0,0,0,0,0,0,0,33,9,0,true
C:\Users\steng\Desktop\mutation-analysis\kintis-funcs-updated\static-metrics\ck\target\..\..\..\commons\src\main\java\xorg\apache\commons\lang\ArrayUtils.java,xorg.apache.commons.lang.ArrayUtils,"subarray/3[java.lang.Object[],int,int]",false,441,0,0,0,0,5,4,19,3,3,3,4,0,0,0,1,0,0,0,5,5,1,1,0,0,0,55,9,0,true
C:\Users\steng\Desktop\mutation-analysis\kintis-funcs-updated\static-metrics\ck\target\..\..\..\commons\src\main\java\xorg\apache\commons\lang\ArrayUtils.java,xorg.apache.commons.lang.ArrayUtils,"lastIndexOf/3[long[],long,int]",false,1389,1,1,1,0,6,0,17,4,1,3,0,0,0,1,2,0,0,0,3,2,1,2,0,0,0,57,9,0,true
C:\Users\steng\Desktop\mutation-analysis\kintis-funcs-updated\static-metrics\ck\target\..\..\..\commons\src\main\java\xorg\apache\commons\lang\ArrayUtils.java,xorg.apache.commons.lang.ArrayUtils,toObject/1[char[]],false,2326,1,0,0,0,4,0,13,3,2,1,0,0,0,1,2,0,0,0,2,3,0,1,0,0,0,32,9,0,true
C:\Users\steng\Desktop\mutation-analysis\kintis-funcs-updated\static-metrics\ck\target\..\..\..\commons\src\main\java\xorg\apache\commons\lang\ArrayUtils.java,xorg.apache.commons.lang.ArrayUtils,reverse/1[double[]],false,1132,1,0,0,0,3,0,15,1,3,1,0,0,0,1,1,0,0,0,2,5,1,1,0,0,0,22,9,0,true
C:\Users\steng\Desktop\mutation-analysis\kintis-funcs-updated\static-metrics\ck\target\..\..\..\commons\src\main\java\xorg\apache\commons\lang\ArrayUtils.java,xorg.apache.commons.lang.ArrayUtils,isEmpty/1[int[]],false,2851,1,0,0,0,3,0,6,2,0,1,0,0,0,0,2,0,0,0,1,0,0,1,0,0,0,18,9,0,true
C:\Users\steng\Desktop\mutation-analysis\kintis-funcs-updated\static-metrics\ck\target\..\..\..\commons\src\main\java\xorg\apache\commons\lang\ArrayUtils.java,xorg.apache.commons.lang.ArrayUtils,isEmpty/1[char[]],false,2879,1,0,0,0,3,0,6,2,0,1,0,0,0,0,2,0,0,0,1,0,0,1,0,0,0,18,9,0,true
C:\Users\steng\Desktop\mutation-analysis\kintis-funcs-updated\static-metrics\ck\target\..\..\..\commons\src\main\java\xorg\apache\commons\lang\ArrayUtils.java,xorg.apache.commons.lang.ArrayUtils,"contains/2[long[],long]",false,1415,2,1,0,1,2,1,3,1,0,2,1,1,2,0,1,0,0,0,0,0,0,0,0,0,0,34,9,0,true
C:\Users\steng\Desktop\mutation-analysis\kintis-funcs-updated\static-metrics\ck\target\..\..\..\commons\src\main\java\xorg\apache\commons\lang\ArrayUtils.java,xorg.apache.commons.lang.ArrayUtils,"indexOf/2[byte[],byte]",false,1745,2,3,2,1,1,1,3,1,0,2,1,1,1,0,0,0,0,0,1,0,0,0,0,0,0,28,9,0,true
C:\Users\steng\Desktop\mutation-analysis\kintis-funcs-updated\static-metrics\ck\target\..\..\..\commons\src\main\java\xorg\apache\commons\lang\ArrayUtils.java,xorg.apache.commons.lang.ArrayUtils,"remove/2[boolean[],int]",false,3888,2,2,1,1,1,1,3,1,0,2,1,1,2,0,0,0,0,0,0,0,0,0,0,0,0,67,9,0,true
C:\Users\steng\Desktop\mutation-analysis\kintis-funcs-updated\static-metrics\ck\target\..\..\..\commons\src\main\java\xorg\apache\commons\lang\ArrayUtils.java,xorg.apache.commons.lang.ArrayUtils,"indexOf/3[boolean[],boolean,int]",false,2194,2,2,1,1,5,1,14,3,1,3,1,1,1,1,1,0,0,0,2,2,0,2,0,0,0,53,9,0,true
C:\Users\steng\Desktop\mutation-analysis\kintis-funcs-updated\static-metrics\ck\target\..\..\..\commons\src\main\java\xorg\apache\commons\lang\ArrayUtils.java,xorg.apache.commons.lang.ArrayUtils,"copyArrayGrow1/2[java.lang.Object,java.lang.Class]",false,3463,0,9,9,0,2,5,9,2,2,2,5,0,0,0,1,0,0,0,4,2,1,1,0,0,0,31,10,0,true
C:\Users\steng\Desktop\mutation-analysis\kintis-funcs-updated\static-metrics\ck\target\..\..\..\commons\src\main\java\xorg\apache\commons\lang\ArrayUtils.java,xorg.apache.commons.lang.ArrayUtils,toObject/1[double[]],false,2666,1,0,0,0,4,0,13,3,2,1,0,0,0,1,2,0,0,0,2,3,0,1,0,0,0,34,9,0,true
C:\Users\steng\Desktop\mutation-analysis\kintis-funcs-updated\static-metrics\ck\target\..\..\..\commons\src\main\java\xorg\apache\commons\lang\ArrayUtils.java,xorg.apache.commons.lang.ArrayUtils,toObject/1[boolean[]],false,2802,1,0,0,0,5,0,13,3,2,1,0,0,0,1,2,0,1,0,2,3,0,1,0,0,0,32,9,0,true
C:\Users\steng\Desktop\mutation-analysis\kintis-funcs-updated\static-metrics\ck\target\..\..\..\commons\src\main\java\xorg\apache\commons\lang\ArrayUtils.java,xorg.apache.commons.lang.ArrayUtils,"toPrimitive/2[java.lang.Long[],long]",false,2372,1,0,0,0,5,1,14,3,3,2,1,0,0,1,3,0,1,0,2,4,0,1,0,0,0,41,9,0,true
C:\Users\steng\Desktop\mutation-analysis\kintis-funcs-updated\static-metrics\ck\target\..\..\..\commons\src\main\java\xorg\apache\commons\lang\ArrayUtils.java,xorg.apache.commons.lang.ArrayUtils,toPrimitive/1[java.lang.Float[]],false,2690,1,0,0,0,4,1,13,3,2,1,1,0,0,1,2,0,0,0,2,3,0,1,0,0,0,36,9,0,true
C:\Users\steng\Desktop\mutation-analysis\kintis-funcs-updated\static-metrics\ck\target\..\..\..\commons\src\main\java\xorg\apache\commons\lang\ArrayUtils.java,xorg.apache.commons.lang.ArrayUtils,"indexOf/2[java.lang.Object[],java.lang.Object]",false,1209,1,3,2,1,1,1,3,1,0,2,1,1,1,0,0,0,0,0,1,0,0,0,0,0,0,27,9,0,true
C:\Users\steng\Desktop\mutation-analysis\kintis-funcs-updated\static-metrics\ck\target\..\..\..\commons\src\main\java\xorg\apache\commons\lang\ArrayUtils.java,xorg.apache.commons.lang.ArrayUtils,"subarray/3[int[],int,int]",false,519,1,0,0,0,5,1,18,3,2,3,1,0,0,0,1,0,0,0,4,4,1,1,0,0,0,52,9,0,true
C:\Users\steng\Desktop\mutation-analysis\kintis-funcs-updated\static-metrics\ck\target\..\..\..\commons\src\main\java\xorg\apache\commons\lang\ArrayUtils.java,xorg.apache.commons.lang.ArrayUtils,"remove/2[char[],int]",false,4018,2,2,1,1,1,1,3,1,0,2,1,1,2,0,0,0,0,0,0,0,0,0,0,0,0,67,9,0,true
C:\Users\steng\Desktop\mutation-analysis\kintis-funcs-updated\static-metrics\ck\target\..\..\..\commons\src\main\java\xorg\apache\commons\lang\ArrayUtils.java,xorg.apache.commons.lang.ArrayUtils,toPrimitive/1[java.lang.Byte[]],false,2554,1,0,0,0,4,1,13,3,2,1,1,0,0,1,2,0,0,0,2,3,0,1,0,0,0,34,9,0,true
C:\Users\steng\Desktop\mutation-analysis\kintis-funcs-updated\static-metrics\ck\target\..\..\..\commons\src\main\java\xorg\apache\commons\lang\ArrayUtils.java,xorg.apache.commons.lang.ArrayUtils,"add/3[float[],int,float]",false,3727,2,1,0,1,1,1,3,1,0,3,1,1,1,0,0,0,0,0,0,0,0,0,0,0,0,60,9,0,true
C:\Users\steng\Desktop\mutation-analysis\kintis-funcs-updated\static-metrics\ck\target\..\..\..\commons\src\main\java\xorg\apache\commons\lang\ArrayUtils.java,xorg.apache.commons.lang.ArrayUtils,"isSameLength/2[long[],long[]]",false,804,1,0,0,0,10,0,6,2,0,2,0,0,0,0,7,0,3,0,2,0,0,1,0,0,0,28,9,0,true
C:\Users\steng\Desktop\mutation-analysis\kintis-funcs-updated\static-metrics\ck\target\..\..\..\commons\src\main\java\xorg\apache\commons\lang\ArrayUtils.java,xorg.apache.commons.lang.ArrayUtils,"add/3[long[],int,long]",false,3696,2,1,0,1,1,1,3,1,0,3,1,1,1,0,0,0,0,0,0,0,0,0,0,0,0,65,9,0,true
C:\Users\steng\Desktop\mutation-analysis\kintis-funcs-updated\static-metrics\ck\target\..\..\..\commons\src\main\java\xorg\apache\commons\lang\ArrayUtils.java,xorg.apache.commons.lang.ArrayUtils,"lastIndexOf/2[byte[],byte]",false,1788,2,1,0,1,1,1,3,1,0,2,1,1,1,0,0,0,0,0,0,0,0,0,0,0,0,31,9,0,true
C:\Users\steng\Desktop\mutation-analysis\kintis-funcs-updated\static-metrics\ck\target\..\..\..\commons\src\main\java\xorg\apache\commons\lang\ArrayUtils.java,xorg.apache.commons.lang.ArrayUtils,"indexOf/3[double[],double,double]",false,1865,2,1,0,1,1,1,3,1,0,3,1,1,2,0,0,0,0,0,1,0,0,0,0,0,0,38,9,0,true
C:\Users\steng\Desktop\mutation-analysis\kintis-funcs-updated\static-metrics\ck\target\..\..\..\commons\src\main\java\xorg\apache\commons\lang\ArrayUtils.java,xorg.apache.commons.lang.ArrayUtils,"indexOf/3[double[],double,int]",false,1883,2,2,1,1,5,1,14,3,1,3,1,1,1,1,1,0,0,0,2,2,0,2,0,0,0,53,9,0,true
C:\Users\steng\Desktop\mutation-analysis\kintis-funcs-updated\static-metrics\ck\target\..\..\..\commons\src\main\java\xorg\apache\commons\lang\ArrayUtils.java,xorg.apache.commons.lang.ArrayUtils,"add/2[int[],int]",false,3394,2,1,0,1,1,1,5,1,1,2,1,1,1,0,0,0,0,0,1,2,1,0,0,0,0,44,9,0,true
C:\Users\steng\Desktop\mutation-analysis\kintis-funcs-updated\static-metrics\ck\target\..\..\..\commons\src\main\java\xorg\apache\commons\lang\ArrayUtils.java,xorg.apache.commons.lang.ArrayUtils,reverse/1[short[]],false,1063,1,0,0,0,3,0,15,1,3,1,0,0,0,1,1,0,0,0,2,5,1,1,0,0,0,22,9,0,true
C:\Users\steng\Desktop\mutation-analysis\kintis-funcs-updated\static-metrics\ck\target\..\..\..\commons\src\main\java\xorg\apache\commons\lang\ArrayUtils.java,xorg.apache.commons.lang.ArrayUtils,"toPrimitive/2[java.lang.Boolean[],boolean]",false,2780,1,0,0,0,5,1,14,3,3,2,1,0,0,1,3,0,1,0,2,4,0,1,0,0,0,42,9,0,true
C:\Users\steng\Desktop\mutation-analysis\kintis-funcs-updated\static-metrics\ck\target\..\..\..\commons\src\main\java\xorg\apache\commons\lang\ArrayUtils.java,xorg.apache.commons.lang.ArrayUtils,toPrimitive/1[java.lang.Boolean[]],false,2758,1,0,0,0,4,1,13,3,2,1,1,0,0,1,2,0,0,0,2,3,0,1,0,0,0,37,9,0,true
C:\Users\steng\Desktop\mutation-analysis\kintis-funcs-updated\static-metrics\ck\target\..\..\..\commons\src\main\java\xorg\apache\commons\lang\ArrayUtils.java,xorg.apache.commons.lang.ArrayUtils,"indexOf/2[boolean[],boolean]",false,2175,2,3,2,1,1,1,3,1,0,2,1,1,2,0,0,0,0,0,1,0,0,0,0,0,0,28,9,0,true
C:\Users\steng\Desktop\mutation-analysis\kintis-funcs-updated\static-metrics\ck\target\..\..\..\commons\src\main\java\xorg\apache\commons\lang\ArrayUtils.java,xorg.apache.commons.lang.ArrayUtils,"add/4[java.lang.Object,int,java.lang.Object,java.lang.Class]",false,3773,0,9,9,0,6,4,21,2,3,4,4,0,0,0,2,0,0,4,8,3,5,2,0,0,0,41,10,0,true
C:\Users\steng\Desktop\mutation-analysis\kintis-funcs-updated\static-metrics\ck\target\..\..\..\commons\src\main\java\xorg\apache\commons\lang\ArrayUtils.java,xorg.apache.commons.lang.ArrayUtils,toPrimitive/1[java.lang.Character[]],false,2282,1,0,0,0,4,1,13,3,2,1,1,0,0,1,2,0,0,0,2,3,0,1,0,0,0,35,9,0,true
C:\Users\steng\Desktop\mutation-analysis\kintis-funcs-updated\static-metrics\ck\target\..\..\..\commons\src\main\java\xorg\apache\commons\lang\ArrayUtils.java,xorg.apache.commons.lang.ArrayUtils,"contains/2[boolean[],boolean]",false,2264,2,1,0,1,2,1,3,1,0,2,1,1,3,0,1,0,0,0,0,0,0,0,0,0,0,34,9,0,true
C:\Users\steng\Desktop\mutation-analysis\kintis-funcs-updated\static-metrics\ck\target\..\..\..\commons\src\main\java\xorg\apache\commons\lang\ArrayUtils.java,xorg.apache.commons.lang.ArrayUtils,"lastIndexOf/3[float[],float,int]",false,2133,2,2,1,1,6,1,17,4,1,3,1,1,1,1,1,0,0,0,3,2,1,2,0,0,0,55,9,0,true
C:\Users\steng\Desktop\mutation-analysis\kintis-funcs-updated\static-metrics\ck\target\..\..\..\commons\src\main\java\xorg\apache\commons\lang\ArrayUtils.java,xorg.apache.commons.lang.ArrayUtils,"lastIndexOf/2[double[],double]",false,1942,2,1,0,1,1,1,3,1,0,2,1,1,2,0,0,0,0,0,0,0,0,0,0,0,0,31,9,0,true
C:\Users\steng\Desktop\mutation-analysis\kintis-funcs-updated\static-metrics\ck\target\..\..\..\commons\src\main\java\xorg\apache\commons\lang\ArrayUtils.java,xorg.apache.commons.lang.ArrayUtils,"contains/2[float[],float]",false,2159,2,1,0,1,2,1,3,1,0,2,1,1,3,0,1,0,0,0,0,0,0,0,0,0,0,34,9,0,true
C:\Users\steng\Desktop\mutation-analysis\kintis-funcs-updated\static-metrics\ck\target\..\..\..\commons\src\main\java\xorg\apache\commons\lang\ArrayUtils.java,xorg.apache.commons.lang.ArrayUtils,"removeElement/2[char[],char]",false,4047,2,3,0,3,2,3,7,2,1,2,3,3,4,0,1,0,0,0,0,1,0,1,0,0,0,67,9,0,true
C:\Users\steng\Desktop\mutation-analysis\kintis-funcs-updated\static-metrics\ck\target\..\..\..\commons\src\main\java\xorg\apache\commons\lang\ArrayUtils.java,xorg.apache.commons.lang.ArrayUtils,"indexOf/3[short[],short,int]",false,1552,1,1,1,0,5,0,14,3,1,3,0,0,0,1,2,0,0,0,2,2,0,2,0,0,0,54,9,0,true
C:\Users\steng\Desktop\mutation-analysis\kintis-funcs-updated\static-metrics\ck\target\..\..\..\commons\src\main\java\xorg\apache\commons\lang\ArrayUtils.java,xorg.apache.commons.lang.ArrayUtils,reverse/1[byte[]],false,1109,1,0,0,0,3,0,15,1,3,1,0,0,0,1,1,0,0,0,2,5,1,1,0,0,0,22,9,0,true
C:\Users\steng\Desktop\mutation-analysis\kintis-funcs-updated\static-metrics\ck\target\..\..\..\commons\src\main\java\xorg\apache\commons\lang\ArrayUtils.java,xorg.apache.commons.lang.ArrayUtils,ArrayUtils/0,true,143,0,0,0,0,1,0,3,0,0,0,0,0,0,0,0,0,0,0,0,0,0,0,0,0,0,28,1,0,true
C:\Users\steng\Desktop\mutation-analysis\kintis-funcs-updated\static-metrics\ck\target\..\..\..\commons\src\main\java\xorg\apache\commons\lang\ArrayUtils.java,xorg.apache.commons.lang.ArrayUtils,toPrimitive/1[java.lang.Long[]],false,2350,1,0,0,0,4,1,13,3,2,1,1,0,0,1,2,0,0,0,2,3,0,1,0,0,0,37,9,0,true
C:\Users\steng\Desktop\mutation-analysis\kintis-funcs-updated\static-metrics\ck\target\..\..\..\commons\src\main\java\xorg\apache\commons\lang\ArrayUtils.java,xorg.apache.commons.lang.ArrayUtils,"add/3[int[],int,int]",false,3665,2,1,0,1,1,1,3,1,0,3,1,1,1,0,0,0,0,0,0,0,0,0,0,0,0,60,9,0,true
C:\Users\steng\Desktop\mutation-analysis\kintis-funcs-updated\static-metrics\ck\target\..\..\..\commons\src\main\java\xorg\apache\commons\lang\ArrayUtils.java,xorg.apache.commons.lang.ArrayUtils,"add/3[short[],int,short]",false,3634,2,1,0,1,1,1,3,1,0,3,1,1,1,0,0,0,0,0,0,0,0,0,0,0,0,60,9,0,true
C:\Users\steng\Desktop\mutation-analysis\kintis-funcs-updated\static-metrics\ck\target\..\..\..\commons\src\main\java\xorg\apache\commons\lang\ArrayUtils.java,xorg.apache.commons.lang.ArrayUtils,"subarray/3[byte[],int,int]",false,636,1,0,0,0,5,1,18,3,2,3,1,0,0,0,1,0,0,0,4,4,1,1,0,0,0,51,9,0,true
C:\Users\steng\Desktop\mutation-analysis\kintis-funcs-updated\static-metrics\ck\target\..\..\..\commons\src\main\java\xorg\apache\commons\lang\ArrayUtils.java,xorg.apache.commons.lang.ArrayUtils,"isSameLength/2[byte[],byte[]]",false,876,1,0,0,0,10,0,6,2,0,2,0,0,0,0,7,0,3,0,2,0,0,1,0,0,0,28,9,0,true
C:\Users\steng\Desktop\mutation-analysis\kintis-funcs-updated\static-metrics\ck\target\..\..\..\commons\src\main\java\xorg\apache\commons\lang\ArrayUtils.java,xorg.apache.commons.lang.ArrayUtils,"remove/2[byte[],int]",false,3953,2,2,1,1,1,1,3,1,0,2,1,1,2,0,0,0,0,0,0,0,0,0,0,0,0,67,9,0,true
C:\Users\steng\Desktop\mutation-analysis\kintis-funcs-updated\static-metrics\ck\target\..\..\..\commons\src\main\java\xorg\apache\commons\lang\ArrayUtils.java,xorg.apache.commons.lang.ArrayUtils,reverse/1[char[]],false,1086,1,0,0,0,3,0,15,1,3,1,0,0,0,1,1,0,0,0,2,5,1,1,0,0,0,22,9,0,true
C:\Users\steng\Desktop\mutation-analysis\kintis-funcs-updated\static-metrics\ck\target\..\..\..\commons\src\main\java\xorg\apache\commons\lang\ArrayUtils.java,xorg.apache.commons.lang.ArrayUtils,"addAll/2[char[],char[]]",false,3022,2,1,0,1,3,2,12,3,1,2,2,1,1,0,2,0,0,0,3,1,1,1,0,0,0,39,9,0,true
C:\Users\steng\Desktop\mutation-analysis\kintis-funcs-updated\static-metrics\ck\target\..\..\..\commons\src\main\java\xorg\apache\commons\lang\ArrayUtils.java,xorg.apache.commons.lang.ArrayUtils,"subarray/3[long[],int,int]",false,480,1,0,0,0,5,1,18,3,2,3,1,0,0,0,1,0,0,0,4,4,1,1,0,0,0,54,9,0,true
C:\Users\steng\Desktop\mutation-analysis\kintis-funcs-updated\static-metrics\ck\target\..\..\..\commons\src\main\java\xorg\apache\commons\lang\ArrayUtils.java,xorg.apache.commons.lang.ArrayUtils,toObject/1[long[]],false,2394,1,0,0,0,4,0,13,3,2,1,0,0,0,1,2,0,0,0,2,3,0,1,0,0,0,34,9,0,true
C:\Users\steng\Desktop\mutation-analysis\kintis-funcs-updated\static-metrics\ck\target\..\..\..\commons\src\main\java\xorg\apache\commons\lang\ArrayUtils.java,xorg.apache.commons.lang.ArrayUtils,"addAll/2[int[],int[]]",false,3109,2,1,0,1,3,2,12,3,1,2,2,1,1,0,2,0,0,0,3,1,1,1,0,0,0,39,9,0,true
C:\Users\steng\Desktop\mutation-analysis\kintis-funcs-updated\static-metrics\ck\target\..\..\..\commons\src\main\java\xorg\apache\commons\lang\ArrayUtils.java,xorg.apache.commons.lang.ArrayUtils,"addAll/2[float[],float[]]",false,3167,2,1,0,1,3,2,12,3,1,2,2,1,1,0,2,0,0,0,3,1,1,1,0,0,0,39,9,0,true
C:\Users\steng\Desktop\mutation-analysis\kintis-funcs-updated\static-metrics\ck\target\..\..\..\commons\src\main\java\xorg\apache\commons\lang\ArrayUtils.java,xorg.apache.commons.lang.ArrayUtils,"add/2[float[],float]",false,3367,2,1,0,1,1,1,5,1,1,2,1,1,1,0,0,0,0,0,1,2,1,0,0,0,0,44,9,0,true
C:\Users\steng\Desktop\mutation-analysis\kintis-funcs-updated\static-metrics\ck\target\..\..\..\commons\src\main\java\xorg\apache\commons\lang\ArrayUtils.java,xorg.apache.commons.lang.ArrayUtils,"contains/3[double[],double,double]",false,2056,2,1,0,1,2,1,3,1,0,3,1,1,2,0,1,0,0,0,1,0,0,0,0,0,0,42,9,0,true
C:\Users\steng\Desktop\mutation-analysis\kintis-funcs-updated\static-metrics\ck\target\..\..\..\commons\src\main\java\xorg\apache\commons\lang\ArrayUtils.java,xorg.apache.commons.lang.ArrayUtils,toString/1[java.lang.Object],false,160,1,1,0,1,1,1,3,1,0,1,1,1,1,0,0,0,0,1,0,0,0,0,0,0,0,35,9,0,true
C:\Users\steng\Desktop\mutation-analysis\kintis-funcs-updated\static-metrics\ck\target\..\..\..\commons\src\main\java\xorg\apache\commons\lang\ArrayUtils.java,xorg.apache.commons.lang.ArrayUtils,reverse/1[int[]],false,1040,1,0,0,0,3,0,15,1,3,1,0,0,0,1,1,0,0,0,2,5,1,1,0,0,0,22,9,0,true
C:\Users\steng\Desktop\mutation-analysis\kintis-funcs-updated\static-metrics\ck\target\..\..\..\commons\src\main\java\xorg\apache\commons\lang\ArrayUtils.java,xorg.apache.commons.lang.ArrayUtils,"toPrimitive/2[java.lang.Double[],double]",false,2644,1,0,0,0,5,1,14,3,3,2,1,0,0,1,3,0,1,0,2,4,0,1,0,0,0,43,9,0,true
C:\Users\steng\Desktop\mutation-analysis\kintis-funcs-updated\static-metrics\ck\target\..\..\..\commons\src\main\java\xorg\apache\commons\lang\ArrayUtils.java,xorg.apache.commons.lang.ArrayUtils,"isSameLength/2[float[],float[]]",false,912,1,0,0,0,10,0,6,2,0,2,0,0,0,0,7,0,3,0,2,0,0,1,0,0,0,28,9,0,true
C:\Users\steng\Desktop\mutation-analysis\kintis-funcs-updated\static-metrics\ck\target\..\..\..\commons\src\main\java\xorg\apache\commons\lang\ArrayUtils.java,xorg.apache.commons.lang.ArrayUtils,"lastIndexOf/2[int[],int]",false,1474,2,1,0,1,1,1,3,1,0,2,1,1,1,0,0,0,0,0,0,0,0,0,0,0,0,31,9,0,true
C:\Users\steng\Desktop\mutation-analysis\kintis-funcs-updated\static-metrics\ck\target\..\..\..\commons\src\main\java\xorg\apache\commons\lang\ArrayUtils.java,xorg.apache.commons.lang.ArrayUtils,"indexOf/4[double[],double,int,double]",false,1915,2,3,2,1,6,1,16,3,3,4,1,1,1,1,0,0,0,0,2,4,2,2,0,0,0,64,9,0,true
C:\Users\steng\Desktop\mutation-analysis\kintis-funcs-updated\static-metrics\ck\target\..\..\..\commons\src\main\java\xorg\apache\commons\lang\ArrayUtils.java,xorg.apache.commons.lang.ArrayUtils,"indexOf/3[byte[],byte,int]",false,1763,1,1,1,0,5,0,14,3,1,3,0,0,0,1,2,0,0,0,2,2,0,2,0,0,0,54,9,0,true
C:\Users\steng\Desktop\mutation-analysis\kintis-funcs-updated\static-metrics\ck\target\..\..\..\commons\src\main\java\xorg\apache\commons\lang\ArrayUtils.java,xorg.apache.commons.lang.ArrayUtils,"isSameType/2[java.lang.Object,java.lang.Object]",false,976,0,0,0,0,3,3,6,1,0,2,3,0,0,0,2,0,0,1,0,0,0,1,0,0,0,35,9,0,true
C:\Users\steng\Desktop\mutation-analysis\kintis-funcs-updated\static-metrics\ck\target\..\..\..\commons\src\main\java\xorg\apache\commons\lang\ArrayUtils.java,xorg.apache.commons.lang.ArrayUtils,"indexOf/2[long[],long]",false,1328,2,3,2,1,1,1,3,1,0,2,1,1,1,0,0,0,0,0,1,0,0,0,0,0,0,28,9,0,true
C:\Users\steng\Desktop\mutation-analysis\kintis-funcs-updated\static-metrics\ck\target\..\..\..\commons\src\main\java\xorg\apache\commons\lang\ArrayUtils.java,xorg.apache.commons.lang.ArrayUtils,"remove/2[java.lang.Object[],int]",false,3823,1,2,1,1,1,1,3,1,0,2,1,1,2,0,0,0,0,0,0,0,0,0,0,0,0,67,9,0,true
C:\Users\steng\Desktop\mutation-analysis\kintis-funcs-updated\static-metrics\ck\target\..\..\..\commons\src\main\java\xorg\apache\commons\lang\ArrayUtils.java,xorg.apache.commons.lang.ArrayUtils,"toPrimitive/2[java.lang.Short[],short]",false,2508,1,0,0,0,5,1,14,3,3,2,1,0,0,1,3,0,1,0,2,4,0,1,0,0,0,40,9,0,true
C:\Users\steng\Desktop\mutation-analysis\kintis-funcs-updated\static-metrics\ck\target\..\..\..\commons\src\main\java\xorg\apache\commons\lang\ArrayUtils.java,xorg.apache.commons.lang.ArrayUtils,"removeElement/2[short[],short]",false,4372,2,3,0,3,2,3,7,2,1,2,3,3,4,0,1,0,0,0,0,1,0,1,0,0,0,67,9,0,true
C:\Users\steng\Desktop\mutation-analysis\kintis-funcs-updated\static-metrics\ck\target\..\..\..\commons\src\main\java\xorg\apache\commons\lang\ArrayUtils.java,xorg.apache.commons.lang.ArrayUtils,clone/1[long[]],false,293,1,2,2,0,2,1,6,2,0,1,1,0,0,0,1,0,0,0,0,0,0,1,0,0,0,22,9,0,true
C:\Users\steng\Desktop\mutation-analysis\kintis-funcs-updated\static-metrics\ck\target\..\..\..\commons\src\main\java\xorg\apache\commons\lang\ArrayUtils.java,xorg.apache.commons.lang.ArrayUtils,"lastIndexOf/3[boolean[],boolean,int]",false,2238,2,2,1,1,6,1,17,4,1,3,1,1,1,1,1,0,0,0,3,2,1,2,0,0,0,55,9,0,true
C:\Users\steng\Desktop\mutation-analysis\kintis-funcs-updated\static-metrics\ck\target\..\..\..\commons\src\main\java\xorg\apache\commons\lang\ArrayUtils.java,xorg.apache.commons.lang.ArrayUtils,"toString/2[java.lang.Object,java.lang.String]",false,176,1,1,1,0,2,2,6,2,0,2,2,0,0,0,1,0,0,0,0,0,0,1,0,0,0,38,9,0,true
C:\Users\steng\Desktop\mutation-analysis\kintis-funcs-updated\static-metrics\ck\target\..\..\..\commons\src\main\java\xorg\apache\commons\lang\ArrayUtils.java,xorg.apache.commons.lang.ArrayUtils,"lastIndexOf/2[float[],float]",false,2115,2,1,0,1,1,1,3,1,0,2,1,1,2,0,0,0,0,0,0,0,0,0,0,0,0,31,9,0,true
C:\Users\steng\Desktop\mutation-analysis\kintis-funcs-updated\static-metrics\ck\target\..\..\..\commons\src\main\java\xorg\apache\commons\lang\ArrayUtils.java,xorg.apache.commons.lang.ArrayUtils,isEmpty/1[byte[]],false,2893,1,0,0,0,3,0,6,2,0,1,0,0,0,0,2,0,0,0,1,0,0,1,0,0,0,18,9,0,true
C:\Users\steng\Desktop\mutation-analysis\kintis-funcs-updated\static-metrics\ck\target\..\..\..\commons\src\main\java\xorg\apache\commons\lang\ArrayUtils.java,xorg.apache.commons.lang.ArrayUtils,"removeElement/2[double[],double]",false,4112,2,3,0,3,2,3,7,2,1,2,3,3,5,0,1,0,0,0,0,1,0,1,0,0,0,67,9,0,true
C:\Users\steng\Desktop\mutation-analysis\kintis-funcs-updated\static-metrics\ck\target\..\..\..\commons\src\main\java\xorg\apache\commons\lang\ArrayUtils.java,xorg.apache.commons.lang.ArrayUtils,"addAll/2[short[],short[]]",false,3080,2,1,0,1,3,2,12,3,1,2,2,1,1,0,2,0,0,0,3,1,1,1,0,0,0,39,9,0,true
C:\Users\steng\Desktop\mutation-analysis\kintis-funcs-updated\static-metrics\ck\target\..\..\..\commons\src\main\java\xorg\apache\commons\lang\ArrayUtils.java,xorg.apache.commons.lang.ArrayUtils,toPrimitive/1[java.lang.Integer[]],false,2418,1,0,0,0,4,1,13,3,2,1,1,0,0,1,2,0,0,0,2,3,0,1,0,0,0,35,9,0,true
C:\Users\steng\Desktop\mutation-analysis\kintis-funcs-updated\static-metrics\ck\target\..\..\..\commons\src\main\java\xorg\apache\commons\lang\ArrayUtils.java,xorg.apache.commons.lang.ArrayUtils,"toPrimitive/2[java.lang.Character[],char]",false,2304,1,0,0,0,5,1,14,3,3,2,1,0,0,1,3,0,1,0,2,4,0,1,0,0,0,39,9,0,true
C:\Users\steng\Desktop\mutation-analysis\kintis-funcs-updated\static-metrics\ck\target\..\..\..\commons\src\main\java\xorg\apache\commons\lang\ArrayUtils.java,xorg.apache.commons.lang.ArrayUtils,"addAll/2[long[],long[]]",false,3138,2,1,0,1,3,2,12,3,1,2,2,1,1,0,2,0,0,0,3,1,1,1,0,0,0,39,9,0,true
C:\Users\steng\Desktop\mutation-analysis\kintis-funcs-updated\static-metrics\ck\target\..\..\..\commons\src\main\java\xorg\apache\commons\lang\ArrayUtils.java,xorg.apache.commons.lang.ArrayUtils,"removeElement/2[byte[],byte]",false,3982,2,3,0,3,2,3,7,2,1,2,3,3,4,0,1,0,0,0,0,1,0,1,0,0,0,67,9,0,true
C:\Users\steng\Desktop\mutation-analysis\kintis-funcs-updated\static-metrics\ck\target\..\..\..\commons\src\main\java\xorg\apache\commons\lang\ArrayUtils.java,xorg.apache.commons.lang.ArrayUtils,"indexOf/2[char[],char]",false,1638,2,3,2,1,1,1,3,1,0,2,1,1,1,0,0,0,0,0,1,0,0,0,0,0,0,28,9,0,true
C:\Users\steng\Desktop\mutation-analysis\kintis-funcs-updated\static-metrics\ck\target\..\..\..\commons\src\main\java\xorg\apache\commons\lang\ArrayUtils.java,xorg.apache.commons.lang.ArrayUtils,toMap/1[java.lang.Object[]],false,236,0,0,0,0,6,3,24,2,5,1,3,0,0,1,1,0,1,6,5,5,3,3,0,0,0,71,9,0,true
C:\Users\steng\Desktop\mutation-analysis\kintis-funcs-updated\static-metrics\ck\target\..\..\..\commons\src\main\java\xorg\apache\commons\lang\ArrayUtils.java,xorg.apache.commons.lang.ArrayUtils,"indexOf/3[long[],long,int]",false,1346,1,1,1,0,5,0,14,3,1,3,0,0,0,1,2,0,0,0,2,2,0,2,0,0,0,54,9,0,true
C:\Users\steng\Desktop\mutation-analysis\kintis-funcs-updated\static-metrics\ck\target\..\..\..\commons\src\main\java\xorg\apache\commons\lang\ArrayUtils.java,xorg.apache.commons.lang.ArrayUtils,"addAll/2[java.lang.Object[],java.lang.Object[]]",false,2963,1,1,0,1,3,5,12,3,1,2,5,1,1,0,2,0,0,0,3,1,1,1,0,0,0,42,9,0,true
C:\Users\steng\Desktop\mutation-analysis\kintis-funcs-updated\static-metrics\ck\target\..\..\..\commons\src\main\java\xorg\apache\commons\lang\ArrayUtils.java,xorg.apache.commons.lang.ArrayUtils,"add/2[char[],char]",false,3313,2,1,0,1,1,1,5,1,1,2,1,1,1,0,0,0,0,0,1,2,1,0,0,0,0,44,9,0,true
C:\Users\steng\Desktop\mutation-analysis\kintis-funcs-updated\static-metrics\ck\target\..\..\..\commons\src\main\java\xorg\apache\commons\lang\ArrayUtils.java,xorg.apache.commons.lang.ArrayUtils,"removeElement/2[float[],float]",false,4177,2,3,0,3,2,3,7,2,1,2,3,3,5,0,1,0,0,0,0,1,0,1,0,0,0,67,9,0,true
C:\Users\steng\Desktop\mutation-analysis\kintis-funcs-updated\static-metrics\ck\target\..\..\..\commons\src\main\java\xorg\apache\commons\lang\ArrayUtils.java,xorg.apache.commons.lang.ArrayUtils,"remove/2[java.lang.Object,int]",false,4401,1,10,9,1,4,5,12,1,2,2,5,1,1,0,0,0,0,2,7,2,5,1,0,0,0,70,10,0,true
C:\Users\steng\Desktop\mutation-analysis\kintis-funcs-updated\static-metrics\ck\target\..\..\..\commons\src\main\java\xorg\apache\commons\lang\ArrayUtils.java,xorg.apache.commons.lang.ArrayUtils,"remove/2[short[],int]",false,4343,2,2,1,1,1,1,3,1,0,2,1,1,2,0,0,0,0,0,0,0,0,0,0,0,0,67,9,0,true
C:\Users\steng\Desktop\mutation-analysis\kintis-funcs-updated\static-metrics\ck\target\..\..\..\commons\src\main\java\xorg\apache\commons\lang\ArrayUtils.java,xorg.apache.commons.lang.ArrayUtils,"subarray/3[double[],int,int]",false,675,1,0,0,0,5,1,18,3,2,3,1,0,0,0,1,0,0,0,4,4,1,1,0,0,0,55,9,0,true
C:\Users\steng\Desktop\mutation-analysis\kintis-funcs-updated\static-metrics\ck\target\..\..\..\commons\src\main\java\xorg\apache\commons\lang\ArrayUtils.java,xorg.apache.commons.lang.ArrayUtils,"add/2[java.lang.Object[],java.lang.Object]",false,3231,1,1,0,1,3,2,6,1,2,2,2,1,1,0,2,0,1,0,1,3,1,0,0,0,0,45,9,0,true
C:\Users\steng\Desktop\mutation-analysis\kintis-funcs-updated\static-metrics\ck\target\..\..\..\commons\src\main\java\xorg\apache\commons\lang\ArrayUtils.java,xorg.apache.commons.lang.ArrayUtils,"subarray/3[float[],int,int]",false,714,1,0,0,0,5,1,18,3,2,3,1,0,0,0,1,0,0,0,4,4,1,1,0,0,0,53,9,0,true
C:\Users\steng\Desktop\mutation-analysis\kintis-funcs-updated\static-metrics\ck\target\..\..\..\commons\src\main\java\xorg\apache\commons\lang\ArrayUtils.java,xorg.apache.commons.lang.ArrayUtils,"removeElement/2[long[],long]",false,4307,2,3,0,3,2,3,7,2,1,2,3,3,4,0,1,0,0,0,0,1,0,1,0,0,0,67,9,0,true
C:\Users\steng\Desktop\mutation-analysis\kintis-funcs-updated\static-metrics\ck\target\..\..\..\commons\src\main\java\xorg\apache\commons\lang\ArrayUtils.java,xorg.apache.commons.lang.ArrayUtils,"contains/2[char[],char]",false,1729,2,1,0,1,2,1,3,1,0,2,1,1,2,0,1,0,0,0,0,0,0,0,0,0,0,34,9,0,true
C:\Users\steng\Desktop\mutation-analysis\kintis-funcs-updated\static-metrics\ck\target\..\..\..\commons\src\main\java\xorg\apache\commons\lang\ArrayUtils.java,xorg.apache.commons.lang.ArrayUtils,"isSameLength/2[int[],int[]]",false,822,1,0,0,0,10,0,6,2,0,2,0,0,0,0,7,0,3,0,2,0,0,1,0,0,0,28,9,0,true
C:\Users\steng\Desktop\mutation-analysis\kintis-funcs-updated\static-metrics\ck\target\..\..\..\commons\src\main\java\xorg\apache\commons\lang\ArrayUtils.java,xorg.apache.commons.lang.ArrayUtils,"add/3[java.lang.Object[],int,java.lang.Object]",false,3501,1,1,0,1,3,3,13,2,1,3,3,1,1,0,2,0,0,0,0,3,0,1,0,0,0,62,9,0,true
C:\Users\steng\Desktop\mutation-analysis\kintis-funcs-updated\static-metrics\ck\target\..\..\..\commons\src\main\java\xorg\apache\commons\lang\ArrayUtils.java,xorg.apache.commons.lang.ArrayUtils,"add/3[char[],int,char]",false,3572,2,1,0,1,1,1,3,1,0,3,1,1,1,0,0,0,0,0,0,0,0,0,0,0,0,60,9,0,true
C:\Users\steng\Desktop\mutation-analysis\kintis-funcs-updated\static-metrics\ck\target\..\..\..\commons\src\main\java\xorg\apache\commons\lang\ArrayUtils.java,xorg.apache.commons.lang.ArrayUtils,"lastIndexOf/3[char[],char,int]",false,1702,1,1,1,0,6,0,17,4,1,3,0,0,0,1,2,0,0,0,3,2,1,2,0,0,0,57,9,0,true
C:\Users\steng\Desktop\mutation-analysis\kintis-funcs-updated\static-metrics\ck\target\..\..\..\commons\src\main\java\xorg\apache\commons\lang\ArrayUtils.java,xorg.apache.commons.lang.ArrayUtils,"toPrimitive/2[java.lang.Float[],float]",false,2712,1,0,0,0,5,1,14,3,3,2,1,0,0,1,3,0,1,0,2,4,0,1,0,0,0,41,9,0,true
C:\Users\steng\Desktop\mutation-analysis\kintis-funcs-updated\static-metrics\ck\target\..\..\..\commons\src\main\java\xorg\apache\commons\lang\ArrayUtils.java,xorg.apache.commons.lang.ArrayUtils,"indexOf/2[int[],int]",false,1431,2,3,2,1,1,1,3,1,0,2,1,1,1,0,0,0,0,0,1,0,0,0,0,0,0,28,9,0,true
C:\Users\steng\Desktop\mutation-analysis\kintis-funcs-updated\static-metrics\ck\target\..\..\..\commons\src\main\java\xorg\apache\commons\lang\ArrayUtils.java,xorg.apache.commons.lang.ArrayUtils,"lastIndexOf/2[java.lang.Object[],java.lang.Object]",false,1260,1,1,0,1,1,1,3,1,0,2,1,1,1,0,0,0,0,0,0,0,0,0,0,0,0,29,9,0,true
C:\Users\steng\Desktop\mutation-analysis\kintis-funcs-updated\static-metrics\ck\target\..\..\..\commons\src\main\java\xorg\apache\commons\lang\ArrayUtils.java,xorg.apache.commons.lang.ArrayUtils,isEmpty/1[float[]],false,2921,1,2,2,0,3,0,6,2,0,1,0,0,0,0,2,0,0,0,1,0,0,1,0,0,0,18,9,0,true
C:\Users\steng\Desktop\mutation-analysis\kintis-funcs-updated\static-metrics\ck\target\..\..\..\commons\src\main\java\xorg\apache\commons\lang\ArrayUtils.java,xorg.apache.commons.lang.ArrayUtils,"lastIndexOf/2[char[],char]",false,1683,2,1,0,1,1,1,3,1,0,2,1,1,1,0,0,0,0,0,0,0,0,0,0,0,0,31,9,0,true
C:\Users\steng\Desktop\mutation-analysis\kintis-funcs-updated\static-metrics\ck\target\..\..\..\commons\src\main\java\xorg\apache\commons\lang\ArrayUtils.java,xorg.apache.commons.lang.ArrayUtils,"isSameLength/2[boolean[],boolean[]]",false,930,1,0,0,0,10,0,6,2,0,2,0,0,0,0,7,0,3,0,2,0,0,1,0,0,0,28,9,0,true
C:\Users\steng\Desktop\mutation-analysis\kintis-funcs-updated\static-metrics\ck\target\..\..\..\commons\src\main\java\xorg\apache\commons\lang\ArrayUtils.java,xorg.apache.commons.lang.ArrayUtils,clone/1[char[]],false,341,1,2,2,0,2,1,6,2,0,1,1,0,0,0,1,0,0,0,0,0,0,1,0,0,0,22,9,0,true
C:\Users\steng\Desktop\mutation-analysis\kintis-funcs-updated\static-metrics\ck\target\..\..\..\commons\src\main\java\xorg\apache\commons\lang\ArrayUtils.java,xorg.apache.commons.lang.ArrayUtils,hashCode/1[java.lang.Object],false,191,1,0,0,0,1,2,3,1,0,1,2,0,0,0,0,0,0,0,0,0,0,0,0,0,0,30,9,0,true
C:\Users\steng\Desktop\mutation-analysis\kintis-funcs-updated\static-metrics\ck\target\..\..\..\commons\src\main\java\xorg\apache\commons\lang\ArrayUtils.java,xorg.apache.commons.lang.ArrayUtils,clone/1[java.lang.Object[]],false,277,0,2,2,0,2,1,6,2,0,1,1,0,0,0,1,0,0,0,0,0,0,1,0,0,0,36,9,0,true
C:\Users\steng\Desktop\mutation-analysis\kintis-funcs-updated\static-metrics\ck\target\..\..\..\commons\src\main\java\xorg\apache\commons\lang\ArrayUtils.java,xorg.apache.commons.lang.ArrayUtils,"addAll/2[double[],double[]]",false,3196,2,1,0,1,3,2,12,3,1,2,2,1,1,0,2,0,0,0,3,1,1,1,0,0,0,39,9,0,true
C:\Users\steng\Desktop\mutation-analysis\kintis-funcs-updated\static-metrics\ck\target\..\..\..\commons\src\main\java\xorg\apache\commons\lang\ArrayUtils.java,xorg.apache.commons.lang.ArrayUtils,toObject/1[short[]],false,2530,1,0,0,0,4,0,13,3,2,1,0,0,0,1,2,0,0,0,2,3,0,1,0,0,0,33,9,0,true
C:\Users\steng\Desktop\mutation-analysis\kintis-funcs-updated\static-metrics\ck\target\..\..\..\commons\src\main\java\xorg\apache\commons\lang\ArrayUtils.java,xorg.apache.commons.lang.ArrayUtils,"lastIndexOf/3[byte[],byte,int]",false,1806,1,1,1,0,6,0,17,4,1,3,0,0,0,1,2,0,0,0,3,2,1,2,0,0,0,56,9,0,true
C:\Users\steng\Desktop\mutation-analysis\kintis-funcs-updated\static-metrics\ck\target\..\..\..\commons\src\main\java\xorg\apache\commons\lang\ArrayUtils.java,xorg.apache.commons.lang.ArrayUtils,toObject/1[byte[]],false,2598,1,0,0,0,4,1,13,3,2,1,1,0,0,1,2,0,0,0,2,3,0,1,0,0,0,30,9,0,true
C:\Users\steng\Desktop\mutation-analysis\kintis-funcs-updated\static-metrics\ck\target\..\..\..\commons\src\main\java\xorg\apache\commons\lang\ArrayUtils.java,xorg.apache.commons.lang.ArrayUtils,isEmpty/1[double[]],false,2907,1,4,4,0,3,0,6,2,0,1,0,0,0,0,2,0,0,0,1,0,0,1,0,0,0,18,9,0,true
C:\Users\steng\Desktop\mutation-analysis\kintis-funcs-updated\static-metrics\ck\target\..\..\..\commons\src\main\java\xorg\apache\commons\lang\ArrayUtils.java,xorg.apache.commons.lang.ArrayUtils,"contains/2[int[],int]",false,1518,2,1,0,1,2,1,3,1,0,2,1,1,2,0,1,0,0,0,0,0,0,0,0,0,0,34,9,0,true
C:\Users\steng\Desktop\mutation-analysis\kintis-funcs-updated\static-metrics\ck\target\..\..\..\commons\src\main\java\xorg\apache\commons\lang\ArrayUtils.java,xorg.apache.commons.lang.ArrayUtils,"addAll/2[boolean[],boolean[]]",false,2993,2,1,0,1,3,2,12,3,1,2,2,1,1,0,2,0,0,0,3,1,1,1,0,0,0,39,9,0,true
C:\Users\steng\Desktop\mutation-analysis\kintis-funcs-updated\static-metrics\ck\target\..\..\..\commons\src\main\java\xorg\apache\commons\lang\ArrayUtils.java,xorg.apache.commons.lang.ArrayUtils,reverse/1[long[]],false,1017,1,0,0,0,3,0,15,1,3,1,0,0,0,1,1,0,0,0,2,5,1,1,0,0,0,22,9,0,true
C:\Users\steng\Desktop\mutation-analysis\kintis-funcs-updated\static-metrics\ck\target\..\..\..\commons\src\main\java\xorg\apache\commons\lang\ArrayUtils.java,xorg.apache.commons.lang.ArrayUtils,"toPrimitive/2[java.lang.Integer[],int]",false,2440,1,0,0,0,5,1,14,3,3,2,1,0,0,1,3,0,1,0,2,4,0,1,0,0,0,39,9,0,true
C:\Users\steng\Desktop\mutation-analysis\kintis-funcs-updated\static-metrics\ck\target\..\..\..\commons\src\main\java\xorg\apache\commons\lang\ArrayUtils.java,xorg.apache.commons.lang.ArrayUtils,"add/2[byte[],byte]",false,3286,2,1,0,1,1,1,5,1,1,2,1,1,1,0,0,0,0,0,1,2,1,0,0,0,0,44,9,0,true
C:\Users\steng\Desktop\mutation-analysis\kintis-funcs-updated\static-metrics\ck\target\..\..\..\commons\src\main\java\xorg\apache\commons\lang\ArrayUtils.java,xorg.apache.commons.lang.ArrayUtils,reverse/1[boolean[]],false,1178,1,0,0,0,3,0,15,1,3,1,0,0,0,1,1,0,0,0,2,5,1,1,0,0,0,22,9,0,true
C:\Users\steng\Desktop\mutation-analysis\kintis-funcs-updated\static-metrics\ck\target\..\..\..\commons\src\main\java\xorg\apache\commons\lang\ArrayUtils.java,xorg.apache.commons.lang.ArrayUtils,"lastIndexOf/4[double[],double,int,double]",false,2011,2,2,1,1,7,1,19,4,3,4,1,1,1,1,0,0,0,0,3,4,3,2,0,0,0,68,9,0,true
C:\Users\steng\Desktop\mutation-analysis\kintis-funcs-updated\static-metrics\ck\target\..\..\..\commons\src\main\java\xorg\apache\commons\lang\ArrayUtils.java,xorg.apache.commons.lang.ArrayUtils,"removeElement/2[int[],int]",false,4242,2,3,0,3,2,3,7,2,1,2,3,3,4,0,1,0,0,0,0,1,0,1,0,0,0,67,9,0,true
C:\Users\steng\Desktop\mutation-analysis\kintis-funcs-updated\static-metrics\ck\target\..\..\..\commons\src\main\java\xorg\apache\commons\lang\ArrayUtils.java,xorg.apache.commons.lang.ArrayUtils,"add/3[double[],int,double]",false,3758,2,1,0,1,1,1,3,1,0,3,1,1,1,0,0,0,0,0,0,0,0,0,0,0,0,60,9,0,true
C:\Users\steng\Desktop\mutation-analysis\kintis-funcs-updated\static-metrics\ck\target\..\..\..\commons\src\main\java\xorg\apache\commons\lang\ArrayUtils.java,xorg.apache.commons.lang.ArrayUtils,"remove/2[double[],int]",false,4083,2,2,1,1,1,1,3,1,0,2,1,1,2,0,0,0,0,0,0,0,0,0,0,0,0,67,9,0,true
C:\Users\steng\Desktop\mutation-analysis\kintis-funcs-updated\static-metrics\ck\target\..\..\..\commons\src\main\java\xorg\apache\commons\lang\ArrayUtils.java,xorg.apache.commons.lang.ArrayUtils,"remove/2[long[],int]",false,4278,2,2,1,1,1,1,3,1,0,2,1,1,2,0,0,0,0,0,0,0,0,0,0,0,0,67,9,0,true
C:\Users\steng\Desktop\mutation-analysis\kintis-funcs-updated\static-metrics\ck\target\..\..\..\commons\src\main\java\xorg\apache\commons\lang\ArrayUtils.java,xorg.apache.commons.lang.ArrayUtils,clone/1[int[]],false,309,1,2,2,0,2,1,6,2,0,1,1,0,0,0,1,0,0,0,0,0,0,1,0,0,0,22,9,0,true
C:\Users\steng\Desktop\mutation-analysis\kintis-funcs-updated\static-metrics\ck\target\..\..\..\commons\src\main\java\xorg\apache\commons\lang\ArrayUtils.java,xorg.apache.commons.lang.ArrayUtils,"subarray/3[boolean[],int,int]",false,753,1,0,0,0,5,1,18,3,2,3,1,0,0,0,1,0,0,0,4,4,1,1,0,0,0,54,9,0,true
C:\Users\steng\Desktop\mutation-analysis\kintis-funcs-updated\static-metrics\ck\target\..\..\..\commons\src\main\java\xorg\apache\commons\lang\ArrayUtils.java,xorg.apache.commons.lang.ArrayUtils,"lastIndexOf/2[short[],short]",false,1577,2,1,0,1,1,1,3,1,0,2,1,1,1,0,0,0,0,0,0,0,0,0,0,0,0,31,9,0,true
C:\Users\steng\Desktop\mutation-analysis\kintis-funcs-updated\static-metrics\ck\target\..\..\..\commons\src\main\java\xorg\apache\commons\lang\ArrayUtils.java,xorg.apache.commons.lang.ArrayUtils,toObject/1[int[]],false,2462,1,0,0,0,4,0,13,3,2,1,0,0,0,1,2,0,0,0,2,3,0,1,0,0,0,34,9,0,true
C:\Users\steng\Desktop\mutation-analysis\kintis-funcs-updated\static-metrics\ck\target\..\..\..\commons\src\main\java\xorg\apache\commons\lang\ArrayUtils.java,xorg.apache.commons.lang.ArrayUtils,"isSameLength/2[char[],char[]]",false,858,1,0,0,0,10,0,6,2,0,2,0,0,0,0,7,0,3,0,2,0,0,1,0,0,0,28,9,0,true
C:\Users\steng\Desktop\mutation-analysis\kintis-funcs-updated\static-metrics\ck\target\..\..\..\commons\src\main\java\xorg\apache\commons\lang\ArrayUtils.java,xorg.apache.commons.lang.ArrayUtils,"isSameLength/2[double[],double[]]",false,894,1,0,0,0,10,0,6,2,0,2,0,0,0,0,7,0,3,0,2,0,0,1,0,0,0,28,9,0,true
C:\Users\steng\Desktop\mutation-analysis\kintis-funcs-updated\static-metrics\ck\target\..\..\..\commons\src\main\java\xorg\apache\commons\lang\ArrayUtils.java,xorg.apache.commons.lang.ArrayUtils,reverse/1[java.lang.Object[]],false,994,0,0,0,0,3,0,15,1,3,1,0,0,0,1,1,0,0,0,2,5,1,1,0,0,0,30,9,0,true
C:\Users\steng\Desktop\mutation-analysis\kintis-funcs-updated\static-metrics\ck\target\..\..\..\commons\src\main\java\xorg\apache\commons\lang\ArrayUtils.java,xorg.apache.commons.lang.ArrayUtils,"add/3[byte[],int,byte]",false,3603,2,1,0,1,1,2,3,1,0,3,2,1,1,0,0,0,0,0,0,0,0,0,0,0,0,59,9,0,true
C:\Users\steng\Desktop\mutation-analysis\kintis-funcs-updated\static-metrics\ck\target\..\..\..\commons\src\main\java\xorg\apache\commons\lang\ArrayUtils.java,xorg.apache.commons.lang.ArrayUtils,"lastIndexOf/2[boolean[],boolean]",false,2220,2,1,0,1,1,1,3,1,0,2,1,1,2,0,0,0,0,0,0,0,0,0,0,0,0,30,9,0,true
C:\Users\steng\Desktop\mutation-analysis\kintis-funcs-updated\static-metrics\ck\target\..\..\..\commons\src\main\java\xorg\apache\commons\lang\ArrayUtils.java,xorg.apache.commons.lang.ArrayUtils,"isSameLength/2[java.lang.Object[],java.lang.Object[]]",false,786,0,0,0,0,10,0,6,2,0,2,0,0,0,0,7,0,3,0,2,0,0,1,0,0,0,32,9,0,true
C:\Users\steng\Desktop\mutation-analysis\kintis-funcs-updated\static-metrics\ck\target\..\..\..\commons\src\main\java\xorg\apache\commons\lang\ArrayUtils.java,xorg.apache.commons.lang.ArrayUtils,isEmpty/1[short[]],false,2865,1,0,0,0,3,0,6,2,0,1,0,0,0,0,2,0,0,0,1,0,0,1,0,0,0,18,9,0,true
C:\Users\steng\Desktop\mutation-analysis\kintis-funcs-updated\static-metrics\ck\target\..\..\..\commons\src\main\java\xorg\apache\commons\lang\ArrayUtils.java,xorg.apache.commons.lang.ArrayUtils,"contains/2[byte[],byte]",false,1832,2,1,0,1,2,1,3,1,0,2,1,1,2,0,1,0,0,0,0,0,0,0,0,0,0,34,9,0,true
C:\Users\steng\Desktop\mutation-analysis\kintis-funcs-updated\static-metrics\ck\target\..\..\..\commons\src\main\java\xorg\apache\commons\lang\ArrayUtils.java,xorg.apache.commons.lang.ArrayUtils,"lastIndexOf/3[double[],double,double]",false,1959,2,1,0,1,1,1,3,1,0,3,1,1,2,0,0,0,0,0,0,0,0,0,0,0,0,39,9,0,true
C:\Users\steng\Desktop\mutation-analysis\kintis-funcs-updated\static-metrics\ck\target\..\..\..\commons\src\main\java\xorg\apache\commons\lang\ArrayUtils.java,xorg.apache.commons.lang.ArrayUtils,"remove/2[float[],int]",false,4148,2,2,1,1,1,1,3,1,0,2,1,1,2,0,0,0,0,0,0,0,0,0,0,0,0,67,9,0,true
C:\Users\steng\Desktop\mutation-analysis\kintis-funcs-updated\static-metrics\ck\target\..\..\..\commons\src\main\java\xorg\apache\commons\lang\ArrayUtils.java,xorg.apache.commons.lang.ArrayUtils,"indexOf/3[java.lang.Object[],java.lang.Object,int]",false,1227,0,1,1,0,8,1,23,4,2,3,1,0,0,2,3,0,0,0,2,3,0,3,0,0,0,53,9,0,true
C:\Users\steng\Desktop\mutation-analysis\kintis-funcs-updated\static-metrics\ck\target\..\..\..\commons\src\main\java\xorg\apache\commons\lang\ArrayUtils.java,xorg.apache.commons.lang.ArrayUtils,"indexOf/2[short[],short]",false,1534,2,3,2,1,1,1,3,1,0,2,1,1,1,0,0,0,0,0,1,0,0,0,0,0,0,28,9,0,true
C:\Users\steng\Desktop\mutation-analysis\kintis-funcs-updated\static-metrics\ck\target\..\..\..\commons\src\main\java\xorg\apache\commons\lang\ArrayUtils.java,xorg.apache.commons.lang.ArrayUtils,"indexOf/3[int[],int,int]",false,1449,1,1,1,0,5,0,14,3,1,3,0,0,0,1,2,0,0,0,2,2,0,2,0,0,0,54,9,0,true
C:\Users\steng\Desktop\mutation-analysis\kintis-funcs-updated\static-metrics\ck\target\..\..\..\commons\src\main\java\xorg\apache\commons\lang\ArrayUtils.java,xorg.apache.commons.lang.ArrayUtils,"lastIndexOf/3[short[],short,int]",false,1595,1,1,1,0,6,0,17,4,1,3,0,0,0,1,2,0,0,0,3,2,1,2,0,0,0,56,9,0,true
C:\Users\steng\Desktop\mutation-analysis\kintis-funcs-updated\static-metrics\ck\target\..\..\..\commons\src\main\java\xorg\apache\commons\lang\ArrayUtils.java,xorg.apache.commons.lang.ArrayUtils,getLength/1[java.lang.Object],false,960,0,1,1,0,2,1,6,2,0,1,1,0,0,0,1,0,0,0,1,0,0,1,0,0,0,37,9,0,true
C:\Users\steng\Desktop\mutation-analysis\kintis-funcs-updated\static-metrics\ck\target\..\..\..\commons\src\main\java\xorg\apache\commons\lang\ArrayUtils.java,xorg.apache.commons.lang.ArrayUtils,"lastIndexOf/3[int[],int,int]",false,1492,1,1,1,0,6,0,17,4,1,3,0,0,0,1,2,0,0,0,3,2,1,2,0,0,0,57,9,0,true
C:\Users\steng\Desktop\mutation-analysis\kintis-funcs-updated\static-metrics\ck\target\..\..\..\commons\src\main\java\xorg\apache\commons\lang\ArrayUtils.java,xorg.apache.commons.lang.ArrayUtils,isEmpty/1[long[]],false,2837,1,0,0,0,3,0,6,2,0,1,0,0,0,0,2,0,0,0,1,0,0,1,0,0,0,18,9,0,true
C:\Users\steng\Desktop\mutation-analysis\kintis-funcs-updated\static-metrics\ck\target\..\..\..\commons\src\main\java\xorg\apache\commons\lang\ArrayUtils.java,xorg.apache.commons.lang.ArrayUtils,"contains/2[double[],double]",false,2039,2,1,0,1,2,1,3,1,0,2,1,1,3,0,1,0,0,0,0,0,0,0,0,0,0,34,9,0,true
C:\Users\steng\Desktop\mutation-analysis\kintis-funcs-updated\static-metrics\ck\target\..\..\..\commons\src\main\java\xorg\apache\commons\lang\ArrayUtils.java,xorg.apache.commons.lang.ArrayUtils,"isEquals/2[java.lang.Object,java.lang.Object]",false,205,1,0,0,0,1,2,3,1,0,2,2,0,0,0,0,0,0,0,0,0,0,0,0,0,0,32,9,0,true
C:\Users\steng\Desktop\mutation-analysis\kintis-funcs-updated\static-metrics\ck\target\..\..\..\commons\src\main\java\xorg\apache\commons\lang\ArrayUtils.java,xorg.apache.commons.lang.ArrayUtils,"subarray/3[char[],int,int]",false,597,1,0,0,0,5,1,18,3,2,3,1,0,0,0,1,0,0,0,4,4,1,1,0,0,0,52,9,0,true
C:\Users\steng\Desktop\mutation-analysis\kintis-funcs-updated\static-metrics\ck\target\..\..\..\commons\src\main\java\xorg\apache\commons\lang\ArrayUtils.java,xorg.apache.commons.lang.ArrayUtils,toObject/1[float[]],false,2734,1,0,0,0,4,0,13,3,2,1,0,0,0,1,2,0,0,0,2,3,0,1,0,0,0,33,9,0,true
C:\Users\steng\Desktop\mutation-analysis\kintis-funcs-updated\static-metrics\ck\target\..\..\..\commons\src\main\java\xorg\apache\commons\lang\ArrayUtils.java,xorg.apache.commons.lang.ArrayUtils,"addAll/2[byte[],byte[]]",false,3051,2,1,0,1,3,2,12,3,1,2,2,1,1,0,2,0,0,0,3,1,1,1,0,0,0,39,9,0,true
C:\Users\steng\Desktop\mutation-analysis\kintis-funcs-updated\static-metrics\ck\target\..\..\..\commons\src\main\java\xorg\apache\commons\lang\ArrayUtils.java,xorg.apache.commons.lang.ArrayUtils,reverse/1[float[]],false,1155,1,0,0,0,3,0,15,1,3,1,0,0,0,1,1,0,0,0,2,5,1,1,0,0,0,22,9,0,true
C:\Users\steng\Desktop\mutation-analysis\kintis-funcs-updated\static-metrics\ck\target\..\..\..\commons\src\main\java\xorg\apache\commons\lang\ArrayUtils.java,xorg.apache.commons.lang.ArrayUtils,"indexOf/3[float[],float,int]",false,2090,2,2,1,1,5,1,14,3,1,3,1,1,1,1,1,0,0,0,2,2,0,2,0,0,0,53,9,0,true
C:\Users\steng\Desktop\mutation-analysis\kintis-funcs-updated\static-metrics\ck\target\..\..\..\commons\src\main\java\xorg\apache\commons\lang\ArrayUtils.java,xorg.apache.commons.lang.ArrayUtils,"add/2[long[],long]",false,3421,2,1,0,1,1,1,5,1,1,2,1,1,1,0,0,0,0,0,1,2,1,0,0,0,0,44,9,0,true
C:\Users\steng\Desktop\mutation-analysis\kintis-funcs-updated\static-metrics\ck\target\..\..\..\commons\src\main\java\xorg\apache\commons\lang\ArrayUtils.java,xorg.apache.commons.lang.ArrayUtils,"lastIndexOf/2[long[],long]",false,1371,2,1,0,1,1,1,3,1,0,2,1,1,1,0,0,0,0,0,0,0,0,0,0,0,0,31,9,0,true
C:\Users\steng\Desktop\mutation-analysis\kintis-funcs-updated\static-metrics\ck\target\..\..\..\commons\src\main\java\xorg\apache\commons\lang\ArrayUtils.java,xorg.apache.commons.lang.ArrayUtils,toPrimitive/1[java.lang.Double[]],false,2622,1,0,0,0,4,1,13,3,2,1,1,0,0,1,2,0,0,0,2,3,0,1,0,0,0,38,9,0,true
C:\Users\steng\Desktop\mutation-analysis\kintis-funcs-updated\static-metrics\ck\target\..\..\..\commons\src\main\java\xorg\apache\commons\lang\ArrayUtils.java,xorg.apache.commons.lang.ArrayUtils,toPrimitive/1[java.lang.Short[]],false,2486,1,0,0,0,4,1,13,3,2,1,1,0,0,1,2,0,0,0,2,3,0,1,0,0,0,36,9,0,true
