XmlFriendlyNameCoder.java,xcom.thoughtworks.xstream.io.xml.XmlFriendlyNameCoder,org.pitest.mutationtest.engine.gregor.mutators.NonVoidMethodCallMutator,<init>,70,KILLED,xcom.thoughtworks.xstream.io.xml.DecodeNameTest.testDecodeName4(xcom.thoughtworks.xstream.io.xml.DecodeNameTest)
XmlFriendlyNameCoder.java,xcom.thoughtworks.xstream.io.xml.XmlFriendlyNameCoder,org.pitest.mutationtest.engine.gregor.mutators.experimental.MemberVariableMutator,<init>,68,KILLED,xcom.thoughtworks.xstream.io.xml.DecodeNameTest.testDecodeName4(xcom.thoughtworks.xstream.io.xml.DecodeNameTest)
XmlFriendlyNameCoder.java,xcom.thoughtworks.xstream.io.xml.XmlFriendlyNameCoder,org.pitest.mutationtest.engine.gregor.mutators.experimental.MemberVariableMutator,<init>,69,KILLED,xcom.thoughtworks.xstream.io.xml.DecodeNameTest.testDecodeName4(xcom.thoughtworks.xstream.io.xml.DecodeNameTest)
XmlFriendlyNameCoder.java,xcom.thoughtworks.xstream.io.xml.XmlFriendlyNameCoder,org.pitest.mutationtest.engine.gregor.mutators.ConditionalsBoundaryMutator,decodeName,158,KILLED,xcom.thoughtworks.xstream.io.xml.DecodeNameTest.testDecodeName4(xcom.thoughtworks.xstream.io.xml.DecodeNameTest)
XmlFriendlyNameCoder.java,xcom.thoughtworks.xstream.io.xml.XmlFriendlyNameCoder,org.pitest.mutationtest.engine.gregor.mutators.ConditionalsBoundaryMutator,decodeName,175,SURVIVED,none
XmlFriendlyNameCoder.java,xcom.thoughtworks.xstream.io.xml.XmlFriendlyNameCoder,org.pitest.mutationtest.engine.gregor.mutators.ConditionalsBoundaryMutator,decodeName,179,KILLED,xcom.thoughtworks.xstream.io.xml.DecodeNameTest.testDecodeName2(xcom.thoughtworks.xstream.io.xml.DecodeNameTest)
XmlFriendlyNameCoder.java,xcom.thoughtworks.xstream.io.xml.XmlFriendlyNameCoder,org.pitest.mutationtest.engine.gregor.mutators.ConstructorCallMutator,decodeName,172,KILLED,xcom.thoughtworks.xstream.io.xml.DecodeNameTest.testDecodeName2(xcom.thoughtworks.xstream.io.xml.DecodeNameTest)
XmlFriendlyNameCoder.java,xcom.thoughtworks.xstream.io.xml.XmlFriendlyNameCoder,org.pitest.mutationtest.engine.gregor.mutators.ConstructorCallMutator,decodeName,194,SURVIVED,none
XmlFriendlyNameCoder.java,xcom.thoughtworks.xstream.io.xml.XmlFriendlyNameCoder,org.pitest.mutationtest.engine.gregor.mutators.InlineConstantMutator,decodeName,151,KILLED,xcom.thoughtworks.xstream.io.xml.DecodeNameTest.testDecodeName5(xcom.thoughtworks.xstream.io.xml.DecodeNameTest)
XmlFriendlyNameCoder.java,xcom.thoughtworks.xstream.io.xml.XmlFriendlyNameCoder,org.pitest.mutationtest.engine.gregor.mutators.InlineConstantMutator,decodeName,152,KILLED,xcom.thoughtworks.xstream.io.xml.DecodeNameTest.testDecodeName6(xcom.thoughtworks.xstream.io.xml.DecodeNameTest)
XmlFriendlyNameCoder.java,xcom.thoughtworks.xstream.io.xml.XmlFriendlyNameCoder,org.pitest.mutationtest.engine.gregor.mutators.InlineConstantMutator,decodeName,156,KILLED,xcom.thoughtworks.xstream.io.xml.DecodeNameTest.testDecodeName4(xcom.thoughtworks.xstream.io.xml.DecodeNameTest)
XmlFriendlyNameCoder.java,xcom.thoughtworks.xstream.io.xml.XmlFriendlyNameCoder,org.pitest.mutationtest.engine.gregor.mutators.InlineConstantMutator,decodeName,172,SURVIVED,none
XmlFriendlyNameCoder.java,xcom.thoughtworks.xstream.io.xml.XmlFriendlyNameCoder,org.pitest.mutationtest.engine.gregor.mutators.InlineConstantMutator,decodeName,176,KILLED,xcom.thoughtworks.xstream.io.xml.DecodeNameTest.testDecodeName1(xcom.thoughtworks.xstream.io.xml.DecodeNameTest)
XmlFriendlyNameCoder.java,xcom.thoughtworks.xstream.io.xml.XmlFriendlyNameCoder,org.pitest.mutationtest.engine.gregor.mutators.InlineConstantMutator,decodeName,182,KILLED,xcom.thoughtworks.xstream.io.xml.DecodeNameTest.testDecodeName5(xcom.thoughtworks.xstream.io.xml.DecodeNameTest)
XmlFriendlyNameCoder.java,xcom.thoughtworks.xstream.io.xml.XmlFriendlyNameCoder,org.pitest.mutationtest.engine.gregor.mutators.InlineConstantMutator,decodeName,183,KILLED,xcom.thoughtworks.xstream.io.xml.DecodeNameTest.testDecodeName5(xcom.thoughtworks.xstream.io.xml.DecodeNameTest)
XmlFriendlyNameCoder.java,xcom.thoughtworks.xstream.io.xml.XmlFriendlyNameCoder,org.pitest.mutationtest.engine.gregor.mutators.InlineConstantMutator,decodeName,186,KILLED,xcom.thoughtworks.xstream.io.xml.DecodeNameTest.testDecodeName6(xcom.thoughtworks.xstream.io.xml.DecodeNameTest)
XmlFriendlyNameCoder.java,xcom.thoughtworks.xstream.io.xml.XmlFriendlyNameCoder,org.pitest.mutationtest.engine.gregor.mutators.InlineConstantMutator,decodeName,187,KILLED,xcom.thoughtworks.xstream.io.xml.DecodeNameTest.testDecodeName6(xcom.thoughtworks.xstream.io.xml.DecodeNameTest)
XmlFriendlyNameCoder.java,xcom.thoughtworks.xstream.io.xml.XmlFriendlyNameCoder,org.pitest.mutationtest.engine.gregor.mutators.MathMutator,decodeName,172,KILLED,xcom.thoughtworks.xstream.io.xml.DecodeNameTest.testDecodeName2(xcom.thoughtworks.xstream.io.xml.DecodeNameTest)
XmlFriendlyNameCoder.java,xcom.thoughtworks.xstream.io.xml.XmlFriendlyNameCoder,org.pitest.mutationtest.engine.gregor.mutators.MathMutator,decodeName,182,KILLED,xcom.thoughtworks.xstream.io.xml.DecodeNameTest.testDecodeName5(xcom.thoughtworks.xstream.io.xml.DecodeNameTest)
XmlFriendlyNameCoder.java,xcom.thoughtworks.xstream.io.xml.XmlFriendlyNameCoder,org.pitest.mutationtest.engine.gregor.mutators.MathMutator,decodeName,182,TIMED_OUT,none
XmlFriendlyNameCoder.java,xcom.thoughtworks.xstream.io.xml.XmlFriendlyNameCoder,org.pitest.mutationtest.engine.gregor.mutators.MathMutator,decodeName,186,KILLED,xcom.thoughtworks.xstream.io.xml.DecodeNameTest.testDecodeName6(xcom.thoughtworks.xstream.io.xml.DecodeNameTest)
XmlFriendlyNameCoder.java,xcom.thoughtworks.xstream.io.xml.XmlFriendlyNameCoder,org.pitest.mutationtest.engine.gregor.mutators.MathMutator,decodeName,186,TIMED_OUT,none
XmlFriendlyNameCoder.java,xcom.thoughtworks.xstream.io.xml.XmlFriendlyNameCoder,org.pitest.mutationtest.engine.gregor.mutators.NegateConditionalsMutator,decodeName,148,KILLED,xcom.thoughtworks.xstream.io.xml.DecodeNameTest.testDecodeName4(xcom.thoughtworks.xstream.io.xml.DecodeNameTest)
XmlFriendlyNameCoder.java,xcom.thoughtworks.xstream.io.xml.XmlFriendlyNameCoder,org.pitest.mutationtest.engine.gregor.mutators.NegateConditionalsMutator,decodeName,150,KILLED,xcom.thoughtworks.xstream.io.xml.DecodeNameTest.testDecodeName4(xcom.thoughtworks.xstream.io.xml.DecodeNameTest)
XmlFriendlyNameCoder.java,xcom.thoughtworks.xstream.io.xml.XmlFriendlyNameCoder,org.pitest.mutationtest.engine.gregor.mutators.NegateConditionalsMutator,decodeName,158,KILLED,xcom.thoughtworks.xstream.io.xml.DecodeNameTest.testDecodeName4(xcom.thoughtworks.xstream.io.xml.DecodeNameTest)
XmlFriendlyNameCoder.java,xcom.thoughtworks.xstream.io.xml.XmlFriendlyNameCoder,org.pitest.mutationtest.engine.gregor.mutators.NegateConditionalsMutator,decodeName,161,KILLED,xcom.thoughtworks.xstream.io.xml.DecodeNameTest.testDecodeName5(xcom.thoughtworks.xstream.io.xml.DecodeNameTest)
XmlFriendlyNameCoder.java,xcom.thoughtworks.xstream.io.xml.XmlFriendlyNameCoder,org.pitest.mutationtest.engine.gregor.mutators.NegateConditionalsMutator,decodeName,161,KILLED,xcom.thoughtworks.xstream.io.xml.DecodeNameTest.testDecodeName6(xcom.thoughtworks.xstream.io.xml.DecodeNameTest)
XmlFriendlyNameCoder.java,xcom.thoughtworks.xstream.io.xml.XmlFriendlyNameCoder,org.pitest.mutationtest.engine.gregor.mutators.NegateConditionalsMutator,decodeName,167,KILLED,xcom.thoughtworks.xstream.io.xml.DecodeNameTest.testDecodeName6(xcom.thoughtworks.xstream.io.xml.DecodeNameTest)
XmlFriendlyNameCoder.java,xcom.thoughtworks.xstream.io.xml.XmlFriendlyNameCoder,org.pitest.mutationtest.engine.gregor.mutators.NegateConditionalsMutator,decodeName,175,KILLED,xcom.thoughtworks.xstream.io.xml.DecodeNameTest.testDecodeName1(xcom.thoughtworks.xstream.io.xml.DecodeNameTest)
XmlFriendlyNameCoder.java,xcom.thoughtworks.xstream.io.xml.XmlFriendlyNameCoder,org.pitest.mutationtest.engine.gregor.mutators.NegateConditionalsMutator,decodeName,179,KILLED,xcom.thoughtworks.xstream.io.xml.DecodeNameTest.testDecodeName2(xcom.thoughtworks.xstream.io.xml.DecodeNameTest)
XmlFriendlyNameCoder.java,xcom.thoughtworks.xstream.io.xml.XmlFriendlyNameCoder,org.pitest.mutationtest.engine.gregor.mutators.NegateConditionalsMutator,decodeName,181,KILLED,xcom.thoughtworks.xstream.io.xml.DecodeNameTest.testDecodeName5(xcom.thoughtworks.xstream.io.xml.DecodeNameTest)
XmlFriendlyNameCoder.java,xcom.thoughtworks.xstream.io.xml.XmlFriendlyNameCoder,org.pitest.mutationtest.engine.gregor.mutators.NegateConditionalsMutator,decodeName,181,KILLED,xcom.thoughtworks.xstream.io.xml.DecodeNameTest.testDecodeName2(xcom.thoughtworks.xstream.io.xml.DecodeNameTest)
XmlFriendlyNameCoder.java,xcom.thoughtworks.xstream.io.xml.XmlFriendlyNameCoder,org.pitest.mutationtest.engine.gregor.mutators.NegateConditionalsMutator,decodeName,184,KILLED,xcom.thoughtworks.xstream.io.xml.DecodeNameTest.testDecodeName6(xcom.thoughtworks.xstream.io.xml.DecodeNameTest)
XmlFriendlyNameCoder.java,xcom.thoughtworks.xstream.io.xml.XmlFriendlyNameCoder,org.pitest.mutationtest.engine.gregor.mutators.NegateConditionalsMutator,decodeName,185,KILLED,xcom.thoughtworks.xstream.io.xml.DecodeNameTest.testDecodeName3(xcom.thoughtworks.xstream.io.xml.DecodeNameTest)
XmlFriendlyNameCoder.java,xcom.thoughtworks.xstream.io.xml.XmlFriendlyNameCoder,org.pitest.mutationtest.engine.gregor.mutators.NonVoidMethodCallMutator,decodeName,147,SURVIVED,none
XmlFriendlyNameCoder.java,xcom.thoughtworks.xstream.io.xml.XmlFriendlyNameCoder,org.pitest.mutationtest.engine.gregor.mutators.NonVoidMethodCallMutator,decodeName,148,SURVIVED,none
XmlFriendlyNameCoder.java,xcom.thoughtworks.xstream.io.xml.XmlFriendlyNameCoder,org.pitest.mutationtest.engine.gregor.mutators.NonVoidMethodCallMutator,decodeName,151,KILLED,xcom.thoughtworks.xstream.io.xml.DecodeNameTest.testDecodeName5(xcom.thoughtworks.xstream.io.xml.DecodeNameTest)
XmlFriendlyNameCoder.java,xcom.thoughtworks.xstream.io.xml.XmlFriendlyNameCoder,org.pitest.mutationtest.engine.gregor.mutators.NonVoidMethodCallMutator,decodeName,152,KILLED,xcom.thoughtworks.xstream.io.xml.DecodeNameTest.testDecodeName6(xcom.thoughtworks.xstream.io.xml.DecodeNameTest)
XmlFriendlyNameCoder.java,xcom.thoughtworks.xstream.io.xml.XmlFriendlyNameCoder,org.pitest.mutationtest.engine.gregor.mutators.NonVoidMethodCallMutator,decodeName,153,KILLED,xcom.thoughtworks.xstream.io.xml.DecodeNameTest.testDecodeName6(xcom.thoughtworks.xstream.io.xml.DecodeNameTest)
XmlFriendlyNameCoder.java,xcom.thoughtworks.xstream.io.xml.XmlFriendlyNameCoder,org.pitest.mutationtest.engine.gregor.mutators.NonVoidMethodCallMutator,decodeName,159,KILLED,xcom.thoughtworks.xstream.io.xml.DecodeNameTest.testDecodeName6(xcom.thoughtworks.xstream.io.xml.DecodeNameTest)
XmlFriendlyNameCoder.java,xcom.thoughtworks.xstream.io.xml.XmlFriendlyNameCoder,org.pitest.mutationtest.engine.gregor.mutators.NonVoidMethodCallMutator,decodeName,176,KILLED,xcom.thoughtworks.xstream.io.xml.DecodeNameTest.testDecodeName1(xcom.thoughtworks.xstream.io.xml.DecodeNameTest)
XmlFriendlyNameCoder.java,xcom.thoughtworks.xstream.io.xml.XmlFriendlyNameCoder,org.pitest.mutationtest.engine.gregor.mutators.NonVoidMethodCallMutator,decodeName,176,KILLED,xcom.thoughtworks.xstream.io.xml.DecodeNameTest.testDecodeName1(xcom.thoughtworks.xstream.io.xml.DecodeNameTest)
XmlFriendlyNameCoder.java,xcom.thoughtworks.xstream.io.xml.XmlFriendlyNameCoder,org.pitest.mutationtest.engine.gregor.mutators.NonVoidMethodCallMutator,decodeName,180,KILLED,xcom.thoughtworks.xstream.io.xml.DecodeNameTest.testDecodeName2(xcom.thoughtworks.xstream.io.xml.DecodeNameTest)
XmlFriendlyNameCoder.java,xcom.thoughtworks.xstream.io.xml.XmlFriendlyNameCoder,org.pitest.mutationtest.engine.gregor.mutators.NonVoidMethodCallMutator,decodeName,181,KILLED,xcom.thoughtworks.xstream.io.xml.DecodeNameTest.testDecodeName5(xcom.thoughtworks.xstream.io.xml.DecodeNameTest)
XmlFriendlyNameCoder.java,xcom.thoughtworks.xstream.io.xml.XmlFriendlyNameCoder,org.pitest.mutationtest.engine.gregor.mutators.NonVoidMethodCallMutator,decodeName,182,TIMED_OUT,none
XmlFriendlyNameCoder.java,xcom.thoughtworks.xstream.io.xml.XmlFriendlyNameCoder,org.pitest.mutationtest.engine.gregor.mutators.NonVoidMethodCallMutator,decodeName,183,KILLED,xcom.thoughtworks.xstream.io.xml.DecodeNameTest.testDecodeName5(xcom.thoughtworks.xstream.io.xml.DecodeNameTest)
XmlFriendlyNameCoder.java,xcom.thoughtworks.xstream.io.xml.XmlFriendlyNameCoder,org.pitest.mutationtest.engine.gregor.mutators.NonVoidMethodCallMutator,decodeName,185,KILLED,xcom.thoughtworks.xstream.io.xml.DecodeNameTest.testDecodeName6(xcom.thoughtworks.xstream.io.xml.DecodeNameTest)
XmlFriendlyNameCoder.java,xcom.thoughtworks.xstream.io.xml.XmlFriendlyNameCoder,org.pitest.mutationtest.engine.gregor.mutators.NonVoidMethodCallMutator,decodeName,186,TIMED_OUT,none
XmlFriendlyNameCoder.java,xcom.thoughtworks.xstream.io.xml.XmlFriendlyNameCoder,org.pitest.mutationtest.engine.gregor.mutators.NonVoidMethodCallMutator,decodeName,187,KILLED,xcom.thoughtworks.xstream.io.xml.DecodeNameTest.testDecodeName6(xcom.thoughtworks.xstream.io.xml.DecodeNameTest)
XmlFriendlyNameCoder.java,xcom.thoughtworks.xstream.io.xml.XmlFriendlyNameCoder,org.pitest.mutationtest.engine.gregor.mutators.NonVoidMethodCallMutator,decodeName,189,KILLED,xcom.thoughtworks.xstream.io.xml.DecodeNameTest.testDecodeName2(xcom.thoughtworks.xstream.io.xml.DecodeNameTest)
XmlFriendlyNameCoder.java,xcom.thoughtworks.xstream.io.xml.XmlFriendlyNameCoder,org.pitest.mutationtest.engine.gregor.mutators.NonVoidMethodCallMutator,decodeName,193,KILLED,xcom.thoughtworks.xstream.io.xml.DecodeNameTest.testDecodeName2(xcom.thoughtworks.xstream.io.xml.DecodeNameTest)
XmlFriendlyNameCoder.java,xcom.thoughtworks.xstream.io.xml.XmlFriendlyNameCoder,org.pitest.mutationtest.engine.gregor.mutators.NonVoidMethodCallMutator,decodeName,194,SURVIVED,none
XmlFriendlyNameCoder.java,xcom.thoughtworks.xstream.io.xml.XmlFriendlyNameCoder,org.pitest.mutationtest.engine.gregor.mutators.RemoveConditionalMutator_EQUAL_ELSE,decodeName,148,KILLED,xcom.thoughtworks.xstream.io.xml.DecodeNameTest.testDecodeName4(xcom.thoughtworks.xstream.io.xml.DecodeNameTest)
XmlFriendlyNameCoder.java,xcom.thoughtworks.xstream.io.xml.XmlFriendlyNameCoder,org.pitest.mutationtest.engine.gregor.mutators.RemoveConditionalMutator_EQUAL_ELSE,decodeName,150,KILLED,xcom.thoughtworks.xstream.io.xml.DecodeNameTest.testDecodeName4(xcom.thoughtworks.xstream.io.xml.DecodeNameTest)
XmlFriendlyNameCoder.java,xcom.thoughtworks.xstream.io.xml.XmlFriendlyNameCoder,org.pitest.mutationtest.engine.gregor.mutators.RemoveConditionalMutator_EQUAL_ELSE,decodeName,161,SURVIVED,none
XmlFriendlyNameCoder.java,xcom.thoughtworks.xstream.io.xml.XmlFriendlyNameCoder,org.pitest.mutationtest.engine.gregor.mutators.RemoveConditionalMutator_EQUAL_ELSE,decodeName,161,KILLED,xcom.thoughtworks.xstream.io.xml.DecodeNameTest.testDecodeName6(xcom.thoughtworks.xstream.io.xml.DecodeNameTest)
XmlFriendlyNameCoder.java,xcom.thoughtworks.xstream.io.xml.XmlFriendlyNameCoder,org.pitest.mutationtest.engine.gregor.mutators.RemoveConditionalMutator_EQUAL_ELSE,decodeName,167,SURVIVED,none
XmlFriendlyNameCoder.java,xcom.thoughtworks.xstream.io.xml.XmlFriendlyNameCoder,org.pitest.mutationtest.engine.gregor.mutators.RemoveConditionalMutator_EQUAL_ELSE,decodeName,181,KILLED,xcom.thoughtworks.xstream.io.xml.DecodeNameTest.testDecodeName5(xcom.thoughtworks.xstream.io.xml.DecodeNameTest)
XmlFriendlyNameCoder.java,xcom.thoughtworks.xstream.io.xml.XmlFriendlyNameCoder,org.pitest.mutationtest.engine.gregor.mutators.RemoveConditionalMutator_EQUAL_ELSE,decodeName,181,KILLED,xcom.thoughtworks.xstream.io.xml.DecodeNameTest.testDecodeName5(xcom.thoughtworks.xstream.io.xml.DecodeNameTest)
XmlFriendlyNameCoder.java,xcom.thoughtworks.xstream.io.xml.XmlFriendlyNameCoder,org.pitest.mutationtest.engine.gregor.mutators.RemoveConditionalMutator_EQUAL_ELSE,decodeName,184,KILLED,xcom.thoughtworks.xstream.io.xml.DecodeNameTest.testDecodeName6(xcom.thoughtworks.xstream.io.xml.DecodeNameTest)
XmlFriendlyNameCoder.java,xcom.thoughtworks.xstream.io.xml.XmlFriendlyNameCoder,org.pitest.mutationtest.engine.gregor.mutators.RemoveConditionalMutator_EQUAL_ELSE,decodeName,185,KILLED,xcom.thoughtworks.xstream.io.xml.DecodeNameTest.testDecodeName6(xcom.thoughtworks.xstream.io.xml.DecodeNameTest)
XmlFriendlyNameCoder.java,xcom.thoughtworks.xstream.io.xml.XmlFriendlyNameCoder,org.pitest.mutationtest.engine.gregor.mutators.RemoveConditionalMutator_EQUAL_IF,decodeName,148,SURVIVED,none
XmlFriendlyNameCoder.java,xcom.thoughtworks.xstream.io.xml.XmlFriendlyNameCoder,org.pitest.mutationtest.engine.gregor.mutators.RemoveConditionalMutator_EQUAL_IF,decodeName,150,SURVIVED,none
XmlFriendlyNameCoder.java,xcom.thoughtworks.xstream.io.xml.XmlFriendlyNameCoder,org.pitest.mutationtest.engine.gregor.mutators.RemoveConditionalMutator_EQUAL_IF,decodeName,161,KILLED,xcom.thoughtworks.xstream.io.xml.DecodeNameTest.testDecodeName5(xcom.thoughtworks.xstream.io.xml.DecodeNameTest)
XmlFriendlyNameCoder.java,xcom.thoughtworks.xstream.io.xml.XmlFriendlyNameCoder,org.pitest.mutationtest.engine.gregor.mutators.RemoveConditionalMutator_EQUAL_IF,decodeName,161,SURVIVED,none
XmlFriendlyNameCoder.java,xcom.thoughtworks.xstream.io.xml.XmlFriendlyNameCoder,org.pitest.mutationtest.engine.gregor.mutators.RemoveConditionalMutator_EQUAL_IF,decodeName,167,KILLED,xcom.thoughtworks.xstream.io.xml.DecodeNameTest.testDecodeName6(xcom.thoughtworks.xstream.io.xml.DecodeNameTest)
XmlFriendlyNameCoder.java,xcom.thoughtworks.xstream.io.xml.XmlFriendlyNameCoder,org.pitest.mutationtest.engine.gregor.mutators.RemoveConditionalMutator_EQUAL_IF,decodeName,181,SURVIVED,none
XmlFriendlyNameCoder.java,xcom.thoughtworks.xstream.io.xml.XmlFriendlyNameCoder,org.pitest.mutationtest.engine.gregor.mutators.RemoveConditionalMutator_EQUAL_IF,decodeName,181,KILLED,xcom.thoughtworks.xstream.io.xml.DecodeNameTest.testDecodeName2(xcom.thoughtworks.xstream.io.xml.DecodeNameTest)
XmlFriendlyNameCoder.java,xcom.thoughtworks.xstream.io.xml.XmlFriendlyNameCoder,org.pitest.mutationtest.engine.gregor.mutators.RemoveConditionalMutator_EQUAL_IF,decodeName,184,SURVIVED,none
XmlFriendlyNameCoder.java,xcom.thoughtworks.xstream.io.xml.XmlFriendlyNameCoder,org.pitest.mutationtest.engine.gregor.mutators.RemoveConditionalMutator_EQUAL_IF,decodeName,185,KILLED,xcom.thoughtworks.xstream.io.xml.DecodeNameTest.testDecodeName3(xcom.thoughtworks.xstream.io.xml.DecodeNameTest)
XmlFriendlyNameCoder.java,xcom.thoughtworks.xstream.io.xml.XmlFriendlyNameCoder,org.pitest.mutationtest.engine.gregor.mutators.RemoveConditionalMutator_ORDER_ELSE,decodeName,158,SURVIVED,none
XmlFriendlyNameCoder.java,xcom.thoughtworks.xstream.io.xml.XmlFriendlyNameCoder,org.pitest.mutationtest.engine.gregor.mutators.RemoveConditionalMutator_ORDER_ELSE,decodeName,175,KILLED,xcom.thoughtworks.xstream.io.xml.DecodeNameTest.testDecodeName1(xcom.thoughtworks.xstream.io.xml.DecodeNameTest)
XmlFriendlyNameCoder.java,xcom.thoughtworks.xstream.io.xml.XmlFriendlyNameCoder,org.pitest.mutationtest.engine.gregor.mutators.RemoveConditionalMutator_ORDER_ELSE,decodeName,179,KILLED,xcom.thoughtworks.xstream.io.xml.DecodeNameTest.testDecodeName2(xcom.thoughtworks.xstream.io.xml.DecodeNameTest)
XmlFriendlyNameCoder.java,xcom.thoughtworks.xstream.io.xml.XmlFriendlyNameCoder,org.pitest.mutationtest.engine.gregor.mutators.RemoveConditionalMutator_ORDER_IF,decodeName,158,KILLED,xcom.thoughtworks.xstream.io.xml.DecodeNameTest.testDecodeName4(xcom.thoughtworks.xstream.io.xml.DecodeNameTest)
XmlFriendlyNameCoder.java,xcom.thoughtworks.xstream.io.xml.XmlFriendlyNameCoder,org.pitest.mutationtest.engine.gregor.mutators.RemoveConditionalMutator_ORDER_IF,decodeName,175,SURVIVED,none
XmlFriendlyNameCoder.java,xcom.thoughtworks.xstream.io.xml.XmlFriendlyNameCoder,org.pitest.mutationtest.engine.gregor.mutators.RemoveConditionalMutator_ORDER_IF,decodeName,179,KILLED,xcom.thoughtworks.xstream.io.xml.DecodeNameTest.testDecodeName2(xcom.thoughtworks.xstream.io.xml.DecodeNameTest)
XmlFriendlyNameCoder.java,xcom.thoughtworks.xstream.io.xml.XmlFriendlyNameCoder,org.pitest.mutationtest.engine.gregor.mutators.experimental.ArgumentPropagationMutator,decodeName,147,KILLED,xcom.thoughtworks.xstream.io.xml.DecodeNameTest.testDecodeName4(xcom.thoughtworks.xstream.io.xml.DecodeNameTest)
XmlFriendlyNameCoder.java,xcom.thoughtworks.xstream.io.xml.XmlFriendlyNameCoder,org.pitest.mutationtest.engine.gregor.mutators.experimental.ArgumentPropagationMutator,decodeName,194,SURVIVED,none
XmlFriendlyNameCoder.java,xcom.thoughtworks.xstream.io.xml.XmlFriendlyNameCoder,org.pitest.mutationtest.engine.gregor.mutators.experimental.NakedReceiverMutator,decodeName,176,KILLED,xcom.thoughtworks.xstream.io.xml.DecodeNameTest.testDecodeName1(xcom.thoughtworks.xstream.io.xml.DecodeNameTest)
XmlFriendlyNameCoder.java,xcom.thoughtworks.xstream.io.xml.XmlFriendlyNameCoder,org.pitest.mutationtest.engine.gregor.mutators.experimental.NakedReceiverMutator,decodeName,176,KILLED,xcom.thoughtworks.xstream.io.xml.DecodeNameTest.testDecodeName1(xcom.thoughtworks.xstream.io.xml.DecodeNameTest)
XmlFriendlyNameCoder.java,xcom.thoughtworks.xstream.io.xml.XmlFriendlyNameCoder,org.pitest.mutationtest.engine.gregor.mutators.experimental.NakedReceiverMutator,decodeName,183,KILLED,xcom.thoughtworks.xstream.io.xml.DecodeNameTest.testDecodeName5(xcom.thoughtworks.xstream.io.xml.DecodeNameTest)
XmlFriendlyNameCoder.java,xcom.thoughtworks.xstream.io.xml.XmlFriendlyNameCoder,org.pitest.mutationtest.engine.gregor.mutators.experimental.NakedReceiverMutator,decodeName,187,KILLED,xcom.thoughtworks.xstream.io.xml.DecodeNameTest.testDecodeName6(xcom.thoughtworks.xstream.io.xml.DecodeNameTest)
XmlFriendlyNameCoder.java,xcom.thoughtworks.xstream.io.xml.XmlFriendlyNameCoder,org.pitest.mutationtest.engine.gregor.mutators.experimental.NakedReceiverMutator,decodeName,189,KILLED,xcom.thoughtworks.xstream.io.xml.DecodeNameTest.testDecodeName2(xcom.thoughtworks.xstream.io.xml.DecodeNameTest)
XmlFriendlyNameCoder.java,xcom.thoughtworks.xstream.io.xml.XmlFriendlyNameCoder,org.pitest.mutationtest.engine.gregor.mutators.returns.EmptyObjectReturnValsMutator,decodeName,168,SURVIVED,none
XmlFriendlyNameCoder.java,xcom.thoughtworks.xstream.io.xml.XmlFriendlyNameCoder,org.pitest.mutationtest.engine.gregor.mutators.returns.EmptyObjectReturnValsMutator,decodeName,196,KILLED,xcom.thoughtworks.xstream.io.xml.DecodeNameTest.testDecodeName2(xcom.thoughtworks.xstream.io.xml.DecodeNameTest)
